<?xml version="1.0" encoding="UTF-8"?>
<project-private xmlns="http://www.netbeans.org/ns/project-private/1">
    <editor-bookmarks xmlns="http://www.netbeans.org/ns/editor-bookmarks/2" lastBookmarkId="0"/>
    <open-files xmlns="http://www.netbeans.org/ns/projectui-open-files/2">
        <group>
            <file>file:/C:/Users/amorimhe/Documents/NetBeansProjects/GreenScanner/src/greenscanner/GreenScanner.java</file>
            <file>file:/C:/Users/amorimhe/Documents/NetBeansProjects/GreenScanner/nbproject/build-impl.xml</file>
            <file>file:/C:/Users/amorimhe/Documents/NetBeansProjects/GreenScanner/src/greenscanner/FXMLDocumentController.java</file>
            <file>file:/C:/Users/amorimhe/Documents/NetBeansProjects/GreenScanner/src/greenscanner/probe.png</file>
        </group>
    </open-files>
</project-private>
