-- MySQL dump 10.13  Distrib 5.7.17, for Win64 (x86_64)
--
-- Host: 127.0.0.1    Database: lxszqwsj3t
-- ------------------------------------------------------
-- Server version	5.7.17-log

/*!40101 SET @OLD_CHARACTER_SET_CLIENT=@@CHARACTER_SET_CLIENT */;
/*!40101 SET @OLD_CHARACTER_SET_RESULTS=@@CHARACTER_SET_RESULTS */;
/*!40101 SET @OLD_COLLATION_CONNECTION=@@COLLATION_CONNECTION */;
/*!40101 SET NAMES utf8 */;
/*!40103 SET @OLD_TIME_ZONE=@@TIME_ZONE */;
/*!40103 SET TIME_ZONE='+00:00' */;
/*!40014 SET @OLD_UNIQUE_CHECKS=@@UNIQUE_CHECKS, UNIQUE_CHECKS=0 */;
/*!40014 SET @OLD_FOREIGN_KEY_CHECKS=@@FOREIGN_KEY_CHECKS, FOREIGN_KEY_CHECKS=0 */;
/*!40101 SET @OLD_SQL_MODE=@@SQL_MODE, SQL_MODE='NO_AUTO_VALUE_ON_ZERO' */;
/*!40111 SET @OLD_SQL_NOTES=@@SQL_NOTES, SQL_NOTES=0 */;

--
-- Table structure for table `fingerprint`
--

DROP TABLE IF EXISTS `fingerprint`;
/*!40101 SET @saved_cs_client     = @@character_set_client */;
/*!40101 SET character_set_client = utf8 */;
CREATE TABLE `fingerprint` (
  `id` int(11) NOT NULL AUTO_INCREMENT,
  `id_user` int(11) NOT NULL,
  `terminationX` int(11) NOT NULL,
  `terminationY` int(11) NOT NULL,
  `bifurcationX` int(11) NOT NULL,
  `bifurcationY` int(11) NOT NULL,
  `independentX` int(11) NOT NULL,
  `independentY` int(11) NOT NULL,
  `islandX` int(11) NOT NULL,
  `islandY` int(11) NOT NULL,
  PRIMARY KEY (`id`),
  KEY `id_user` (`id_user`),
  CONSTRAINT `fingerprint_ibfk_1` FOREIGN KEY (`id_user`) REFERENCES `user` (`id`)
) ENGINE=InnoDB AUTO_INCREMENT=301 DEFAULT CHARSET=utf8 COLLATE=utf8_unicode_ci;
/*!40101 SET character_set_client = @saved_cs_client */;

--
-- Dumping data for table `fingerprint`
--

LOCK TABLES `fingerprint` WRITE;
/*!40000 ALTER TABLE `fingerprint` DISABLE KEYS */;
INSERT INTO `fingerprint` VALUES (1,279,24,354,120,101,332,385,358,67),(2,55,85,391,329,375,92,331,168,295),(3,228,387,312,74,160,38,102,181,4),(4,11,45,42,150,272,33,88,316,130),(5,140,361,13,79,316,199,132,180,254),(6,133,101,154,267,166,362,286,260,330),(7,198,336,100,148,152,152,42,254,393),(8,281,60,132,104,287,32,153,217,6),(9,115,108,131,285,226,239,250,361,255),(10,231,69,140,94,70,315,27,346,276),(11,69,223,269,35,33,274,276,26,63),(12,103,220,120,322,169,21,255,35,362),(13,195,94,28,8,362,396,356,139,367),(14,185,23,366,366,79,235,269,270,257),(15,94,90,213,112,273,306,290,315,18),(16,117,355,284,77,181,269,298,201,98),(17,20,313,26,84,94,344,329,392,121),(18,12,374,339,320,138,224,263,291,130),(19,6,313,123,331,399,6,85,270,58),(20,189,387,224,38,52,67,195,147,319),(21,139,198,15,296,400,127,308,317,119),(22,83,108,73,139,41,103,175,391,139),(23,61,273,36,265,150,100,74,50,247),(24,170,34,365,88,271,52,243,83,23),(25,8,171,154,109,164,175,44,397,90),(26,6,94,76,241,388,123,144,328,298),(27,71,223,49,250,346,368,11,366,387),(28,91,161,325,178,75,128,214,135,306),(29,78,139,175,378,17,251,355,119,286),(30,141,43,394,359,127,139,240,320,305),(31,63,91,33,28,237,100,148,162,301),(32,6,102,126,46,4,22,374,63,331),(33,259,213,178,376,277,307,161,279,4),(34,152,221,36,97,94,377,28,204,179),(35,214,286,56,98,257,22,104,298,161),(36,146,152,314,275,323,190,14,64,1),(37,173,56,289,390,326,182,291,368,224),(38,100,23,84,85,203,388,365,55,295),(39,4,191,369,310,8,299,163,12,211),(40,111,335,325,112,268,22,122,333,49),(41,34,188,137,349,281,24,151,331,252),(42,169,220,78,192,338,71,395,220,369),(43,279,323,340,125,123,28,177,102,207),(44,84,17,132,173,205,118,231,110,269),(45,276,64,320,354,79,5,269,195,344),(46,280,331,73,19,324,114,286,333,87),(47,202,42,311,381,304,357,349,63,4),(48,207,392,150,236,263,293,248,343,6),(49,205,61,342,211,346,392,181,302,173),(50,119,135,142,153,125,388,231,97,233),(51,179,335,183,88,335,55,163,240,347),(52,187,336,174,236,365,371,187,292,343),(53,23,225,373,196,208,196,164,277,55),(54,279,125,270,94,164,101,6,34,136),(55,275,310,386,188,244,326,206,183,169),(56,215,172,92,396,261,178,19,349,187),(57,76,164,237,303,119,182,125,239,73),(58,29,39,288,314,317,343,13,212,135),(59,235,183,329,50,398,258,205,343,235),(60,116,120,226,271,343,304,141,118,325),(61,234,148,134,28,298,28,273,178,27),(62,294,308,109,42,119,123,126,377,191),(63,98,93,391,167,275,255,52,384,2),(64,116,246,120,52,164,237,157,158,196),(65,77,204,95,190,46,327,246,220,300),(66,262,33,160,83,224,209,136,176,232),(67,262,161,153,329,366,171,3,131,326),(68,152,61,193,148,165,228,47,57,132),(69,160,81,245,121,292,286,250,364,159),(70,279,124,39,385,198,137,203,370,327),(71,12,152,52,302,130,139,7,18,384),(72,156,262,249,105,5,400,75,95,243),(73,141,72,380,54,63,197,271,340,27),(74,78,363,81,394,104,332,260,368,20),(75,6,87,57,36,129,206,95,193,37),(76,211,226,291,111,377,327,344,7,61),(77,51,79,200,95,347,48,260,173,284),(78,173,306,31,282,30,56,350,96,154),(79,241,154,277,293,95,121,30,70,160),(80,80,74,81,266,132,239,245,384,324),(81,210,299,311,317,146,74,55,317,20),(82,63,254,168,378,328,229,208,400,128),(83,60,63,272,312,169,370,327,117,56),(84,224,120,90,294,191,88,199,151,120),(85,181,271,18,375,63,323,265,373,20),(86,290,307,105,194,117,44,142,211,135),(87,259,333,18,332,328,265,131,208,399),(88,185,251,291,256,222,303,271,267,306),(89,114,90,270,227,236,318,67,287,152),(90,227,66,77,155,320,123,36,28,202),(91,35,353,215,112,372,56,323,197,325),(92,67,316,106,201,110,395,162,95,82),(93,130,77,182,163,348,23,387,294,226),(94,247,247,239,153,267,201,132,158,92),(95,272,280,56,385,279,160,174,20,32),(96,137,330,186,27,31,384,152,193,346),(97,222,265,230,157,287,41,378,63,98),(98,189,48,275,310,336,61,275,171,4),(99,140,132,284,227,226,82,54,394,325),(100,287,344,250,398,259,161,169,34,280),(101,278,17,150,205,380,102,203,132,110),(102,113,262,340,314,7,200,154,78,62),(103,55,65,31,207,211,161,379,26,130),(104,227,189,33,129,392,308,287,191,278),(105,231,49,323,324,321,136,148,236,102),(106,228,7,85,164,194,190,320,141,38),(107,282,262,1,159,343,218,56,331,398),(108,157,210,277,31,231,84,299,273,230),(109,84,69,89,81,53,261,197,227,12),(110,17,307,220,342,32,62,122,396,289),(111,267,390,112,346,54,87,191,189,144),(112,16,91,164,13,342,256,355,188,184),(113,265,380,323,381,61,225,79,142,153),(114,27,255,224,388,149,249,341,203,304),(115,243,271,118,304,363,142,96,164,397),(116,263,79,215,126,202,72,145,146,241),(117,296,122,380,44,252,265,272,340,314),(118,279,102,19,128,42,154,159,374,197),(119,126,246,80,44,56,185,245,182,238),(120,137,266,108,274,127,97,366,88,362),(121,264,229,223,82,72,339,38,207,347),(122,7,149,324,121,44,35,130,4,262),(123,271,315,66,232,192,110,278,309,369),(124,187,363,68,231,96,163,356,98,365),(125,237,98,14,115,33,347,349,359,266),(126,65,331,112,380,111,37,36,111,271),(127,156,85,120,292,346,187,182,202,39),(128,222,62,86,89,205,151,282,79,120),(129,237,23,109,332,72,223,259,76,348),(130,171,211,70,124,346,188,356,320,4),(131,44,14,322,58,203,183,146,241,124),(132,47,183,77,4,124,311,254,343,145),(133,264,164,33,289,309,89,354,105,40),(134,199,392,34,241,134,221,40,144,260),(135,145,153,389,350,268,113,134,86,4),(136,221,360,138,11,198,93,128,354,215),(137,49,345,324,399,135,381,147,313,253),(138,19,116,254,327,372,114,10,173,25),(139,210,149,393,390,218,277,40,366,29),(140,22,58,238,35,133,194,220,167,91),(141,268,33,245,147,41,360,46,193,350),(142,126,182,213,228,27,267,21,188,182),(143,6,16,121,106,110,364,336,138,93),(144,261,227,280,266,178,312,43,258,395),(145,138,49,258,84,257,324,224,380,144),(146,45,203,392,314,68,296,370,37,291),(147,201,299,99,22,108,133,233,183,317),(148,26,126,142,42,236,302,186,32,364),(149,149,170,98,359,248,176,274,95,214),(150,92,365,58,283,164,26,41,204,167),(151,292,229,281,189,63,57,59,102,30),(152,204,213,123,86,354,192,116,200,365),(153,39,398,246,172,40,26,373,220,352),(154,126,49,7,187,183,1,248,16,198),(155,223,164,235,202,110,160,367,205,193),(156,165,22,247,45,387,57,336,45,113),(157,246,83,340,205,304,88,392,225,272),(158,16,273,249,33,211,332,106,237,20),(159,242,400,140,372,58,132,292,337,221),(160,27,256,244,291,154,237,197,361,3),(161,281,139,331,15,1,390,185,362,131),(162,238,372,183,50,121,314,172,86,244),(163,143,77,271,389,247,78,9,46,320),(164,150,256,189,220,160,306,197,215,82),(165,32,36,378,195,324,68,99,288,259),(166,169,322,332,152,77,209,195,287,224),(167,271,121,263,371,62,248,154,180,128),(168,141,314,303,364,148,307,183,59,154),(169,140,370,10,34,52,282,146,249,96),(170,250,96,374,26,203,263,326,80,231),(171,49,225,324,325,87,359,270,384,59),(172,181,57,176,279,363,79,173,39,176),(173,8,203,376,255,113,357,51,139,328),(174,33,266,25,43,67,330,201,360,47),(175,18,313,247,158,212,78,196,65,61),(176,104,318,119,4,150,77,360,147,181),(177,221,67,32,190,38,7,400,125,302),(178,212,62,311,240,160,230,301,193,24),(179,124,183,366,57,253,299,266,267,177),(180,226,355,247,26,180,326,220,204,185),(181,172,341,218,241,212,125,311,220,180),(182,176,384,44,78,31,50,188,59,259),(183,15,386,258,194,127,311,87,38,309),(184,146,301,207,125,125,261,256,273,142),(185,173,346,273,240,78,227,377,166,308),(186,296,65,226,298,276,156,5,371,264),(187,236,36,114,287,71,304,68,288,160),(188,86,395,313,268,358,389,219,202,323),(189,60,89,272,202,216,138,244,40,119),(190,145,180,103,187,221,169,59,348,87),(191,95,80,293,327,349,67,362,209,322),(192,210,359,256,33,330,150,101,156,91),(193,273,2,52,175,382,99,262,197,236),(194,285,326,175,248,109,279,144,101,338),(195,30,125,174,71,116,161,200,309,376),(196,186,89,357,122,267,169,313,361,128),(197,264,281,234,80,70,361,380,228,189),(198,256,15,281,338,192,283,179,95,199),(199,212,190,139,109,233,100,46,49,136),(200,53,115,376,378,174,393,120,35,45),(201,266,232,307,331,120,60,268,116,370),(202,99,107,143,358,311,312,393,266,68),(203,110,75,114,284,93,218,80,252,142),(204,77,203,150,380,21,175,164,132,175),(205,290,369,61,122,159,364,215,329,236),(206,135,100,369,33,195,217,388,33,155),(207,35,130,28,203,100,178,269,177,20),(208,200,25,225,258,166,184,277,257,200),(209,298,177,381,42,75,253,209,259,56),(210,232,376,128,330,90,151,96,38,22),(211,275,256,229,42,88,389,363,23,263),(212,189,90,54,163,260,65,334,317,36),(213,42,343,345,224,128,83,151,168,223),(214,171,47,300,346,157,301,162,292,187),(215,105,136,337,287,391,358,70,132,300),(216,196,214,23,290,153,3,30,350,280),(217,264,348,65,264,220,32,93,203,159),(218,274,82,74,116,134,383,25,242,312),(219,4,212,77,267,377,381,217,187,146),(220,298,327,265,221,139,4,171,126,59),(221,162,142,125,53,386,111,46,181,164),(222,292,82,204,304,269,94,117,358,336),(223,28,321,73,304,207,258,234,41,61),(224,198,191,41,113,226,25,276,293,113),(225,133,224,182,206,151,356,166,296,245),(226,1,115,109,121,79,174,167,116,8),(227,176,278,335,159,314,59,210,340,360),(228,183,350,29,60,323,294,240,165,175),(229,180,366,305,234,128,62,35,374,176),(230,215,265,165,380,279,293,51,57,70),(231,298,397,176,307,66,378,386,146,185),(232,175,76,374,176,213,131,151,369,231),(233,146,310,34,95,129,205,398,50,20),(234,11,230,400,253,310,24,2,31,345),(235,88,30,238,149,286,96,29,269,93),(236,120,398,184,103,286,363,179,347,195),(237,251,120,172,136,42,358,146,108,326),(238,23,114,37,51,147,46,199,45,238),(239,184,109,348,131,54,38,114,286,178),(240,39,266,118,260,47,144,124,35,355),(241,140,277,298,225,56,387,178,197,283),(242,208,390,138,97,84,333,279,173,255),(243,105,359,380,309,322,90,211,392,266),(244,140,80,382,95,95,276,57,240,301),(245,220,376,84,367,149,272,221,194,322),(246,87,330,231,155,150,123,78,54,359),(247,240,134,23,77,291,202,146,315,115),(248,179,15,54,386,82,365,320,228,30),(249,63,154,69,35,314,90,64,61,194),(250,157,226,60,47,75,190,312,236,143),(251,71,64,363,161,256,139,349,123,276),(252,167,3,41,102,85,83,320,218,115),(253,132,211,198,140,386,2,387,125,344),(254,230,381,253,69,292,142,336,338,251),(255,191,373,327,383,319,17,338,103,58),(256,67,168,8,241,179,16,8,332,116),(257,168,223,304,211,203,319,357,27,351),(258,123,365,306,82,259,88,72,149,16),(259,229,271,75,346,6,156,56,339,181),(260,147,286,86,75,22,316,238,336,203),(261,221,128,257,92,351,200,135,345,231),(262,167,323,276,348,110,142,394,102,294),(263,50,5,117,184,47,141,369,301,194),(264,257,279,343,237,234,300,265,369,168),(265,113,371,153,370,70,368,9,131,231),(266,257,199,135,195,155,147,391,266,114),(267,17,370,260,17,337,200,350,8,387),(268,112,383,58,102,31,250,17,139,336),(269,261,101,49,137,172,2,322,332,320),(270,138,351,12,132,396,35,263,51,244),(271,291,378,99,131,57,47,79,74,337),(272,254,75,49,362,352,46,44,144,256),(273,175,305,132,241,222,280,301,175,392),(274,129,80,353,96,88,322,376,132,102),(275,159,124,313,35,52,283,288,237,138),(276,82,99,162,272,32,146,55,355,150),(277,115,358,238,362,28,171,203,17,159),(278,124,68,226,119,208,21,398,293,219),(279,237,72,48,263,151,35,18,126,95),(280,55,134,40,139,12,227,250,286,299),(281,203,311,378,59,16,284,372,5,66),(282,226,55,272,225,27,297,211,390,46),(283,296,58,116,75,357,221,189,351,208),(284,60,115,344,232,168,373,7,212,199),(285,121,168,105,149,82,212,281,243,144),(286,159,386,68,373,212,178,189,137,13),(287,181,310,316,83,276,111,101,102,131),(288,39,267,209,1,103,244,105,211,32),(289,144,198,391,32,148,263,27,77,117),(290,260,3,169,196,331,316,90,394,203),(291,7,360,31,368,196,279,270,281,219),(292,42,114,355,250,159,317,381,341,257),(293,75,245,258,176,137,311,269,226,261),(294,273,196,393,160,298,231,223,225,332),(295,111,197,270,82,385,383,77,264,141),(296,182,6,263,175,184,359,252,192,122),(297,8,396,255,384,304,248,89,101,104),(298,194,149,73,250,168,65,352,134,376),(299,267,204,266,41,108,85,109,165,61),(300,27,81,184,255,64,85,67,105,369);
/*!40000 ALTER TABLE `fingerprint` ENABLE KEYS */;
UNLOCK TABLES;

--
-- Table structure for table `pesticide`
--

DROP TABLE IF EXISTS `pesticide`;
/*!40101 SET @saved_cs_client     = @@character_set_client */;
/*!40101 SET character_set_client = utf8 */;
CREATE TABLE `pesticide` (
  `id` int(11) NOT NULL AUTO_INCREMENT,
  `name` varchar(80) COLLATE utf8_unicode_ci NOT NULL,
  `allowed` tinyint(1) NOT NULL,
  PRIMARY KEY (`id`)
) ENGINE=InnoDB AUTO_INCREMENT=151 DEFAULT CHARSET=utf8 COLLATE=utf8_unicode_ci;
/*!40101 SET character_set_client = @saved_cs_client */;

--
-- Dumping data for table `pesticide`
--

LOCK TABLES `pesticide` WRITE;
/*!40000 ALTER TABLE `pesticide` DISABLE KEYS */;
INSERT INTO `pesticide` VALUES (1,'Desoximetasone',1),(2,'Ketoconazole',1),(3,'ALCOHOL',1),(4,'TRIPROLIDINE HYDROCHLORIDE',0),(5,'Ipratropium Bromide',1),(6,'Ziprasidone HCl',0),(7,'ENALAPRIL MALEATE',1),(8,'largemouth bass',1),(9,'Methocarbamol',1),(10,'Ibuprofen',0),(11,'Nirtogen',1),(12,'Chlordiazepoxide Hydrochloride',0),(13,'Omeprazole',0),(14,'quetiapine fumarate',0),(15,'bacillus subtilis',1),(16,'Pyrithione Zinc',1),(17,'Streptococcus Faecalis',0),(18,'MIDODRINE HYDROCHLORIDE',0),(19,'isosorbide mononitrate',1),(20,'TRICLOSAN',0),(21,'CHLORHEXIDINE GLUCONATE, ETHYL ALCOHOL',1),(22,'Tinidazole',0),(23,'Bismuth Subsalicylate',0),(24,'BUDESONIDE',1),(25,'levetiracetam',0),(26,'Pyrithione Zinc',1),(27,'Titanium Dioxide and Zinc Oxide',1),(28,'Short/Giant Ragweed Mixture',1),(29,'quinapril hydrochloride',1),(30,'Polyvinyl Alcohol',1),(31,'Antifungal Miconazole Powder Jock Itch Spray',1),(32,'BENZOYL PEROXIDE',1),(33,'OCTINOXATE, TITANIUM DIOXIDE, and ZINC OXIDE',0),(34,'Silver Sulfadiazine',1),(35,'METRONIDAZOLE',1),(36,'DIPHENHYDRAMINE HYDROCHLORIDE',0),(37,'Acetaminophen',0),(38,'paroxetine hydrochloride',1),(39,'helianthus annuus pollen',0),(40,'Amlodipine Besylate',0),(41,'Aluminum Chlorohydrate',1),(42,'Cyclosporine',1),(43,'Hydrocodone Bitartrate And Acetaminophen',1),(44,'Amoxicillin and Clavulanate Potassium',0),(45,'Haloperidol Decanoate',1),(46,'Mineral oil, petrolatum, phenylephrine hcl',0),(47,'BENZALKONIUM CHLORIDE',1),(48,'ascorbic',1),(49,'OCTINOXATE, OCTOCRYLENE, and TITANIUM DIOXIDE',0),(50,'Irbesartan',1),(51,'PROPRANOLOL HYDROCHLORIDE',0),(52,'Loratadine',0),(53,'ANTIPYRINE AND BENZOCAINE',1),(54,'Aconitum nap.',0),(55,'Metoprolol Tartrate and Hydrochlorothiazide',1),(56,'Reticuloendothelial system 8 Special Order',1),(57,'Doxycycline Hyclate',0),(58,'OCTINOXATE, OXYBENZONE',1),(59,'Letrozole',1),(60,'Loratadine',1),(61,'Stemphylium sarciniforms',0),(62,'Isosorbide Dinitrate',1),(63,'Hydromorphone Hydrochloride',1),(64,'Hydrocodone Bitartrate And Acetaminophen',0),(65,'bacitracin zinc',0),(66,'Ofloxacin',0),(67,'Alcohol',0),(68,'MIDODRINE HYDROCHLORIDE',1),(69,'Hydrocodone Bitartrate and Acetaminophen',0),(70,'CEFPODOXIME PROXETIL',0),(71,'Tramadol Hydrochloride',0),(72,'Timothy, Standardized',1),(73,'Dexamethasone Sodium Phosphate',1),(74,'Docusate Sodium',1),(75,'Cetirizine',1),(76,'chlorhexidine gluconate and isopropyl alcohol',1),(77,'Docusate Sodium and Sennosides',1),(78,'TRICLOSAN',0),(79,'RISPERIDONE',1),(80,'Hydroquinone',1),(81,'pork',0),(82,'Theophylline',1),(83,'minoxidil',0),(84,'Ziprasidone hydrochloride',1),(85,'Clopidogrel Bisulfate',0),(86,'Acetaminophen',1),(87,'Titanium Dioxide, Octinoxate, Octisalate, Zinc Oxide',0),(88,'Moexipril Hydrochloride',0),(89,'Zafirlukast',1),(90,'BENZALKONIUM CHLORIDE',1),(91,'Guaifenesin',0),(92,'BENZOYL PEROXIDE',0),(93,'Allergenic Extracts Alum Precipitated',0),(94,'Duloxetin hydrochloride',1),(95,'salicylic acid and benzoyl peroxide',1),(96,'Ranitidine Hydrochloride',1),(97,'POLISTES FUSCATUS VENOM PROTEIN',1),(98,'Cabergoline',1),(99,'ALCOHOL',1),(100,'Conium maculatum 6X, Graphites 12X, Sulphur 12X',0),(101,'Rivastigmine Tartrate',0),(102,'Lisinopril',0),(103,'Ranitidine',0),(104,'ALCOHOL',1),(105,'ALUMINUM CHLOROHYDRATE',1),(106,'clonidine hydrochloride',1),(107,'ibuprofen',0),(108,'Baclofen',1),(109,'Ifosfamide',0),(110,'TRICLOSAN',1),(111,'Fluoride',1),(112,'Dextroamphetamine Sulfate',1),(113,'HYDROCODONE BITARTRATE AND ACETAMINOPHEN',1),(114,'benztropine mesylate',1),(115,'Nicotine Polacrilex',1),(116,'Chlorpheniramine Maleate',1),(117,'divalproex sodium',0),(118,'Vinorelbine tartrate',0),(119,'MENTHOL',1),(120,'Dextromethorphan HBr, Guaifenesin, Phenylephrine HCl',0),(121,'telmisartan and hydrochlorthiazide',1),(122,'Benazepril Hydrochloride',1),(123,'Triclosan',0),(124,'Donepezil Hydrochloride',1),(125,'Octinoxate, Avobenzone, and Octisalate',0),(126,'Cypress Bald',0),(127,'drospirenone and ethinyl estradiol',0),(128,'Levothyroxine Sodium',1),(129,'Oxygen',1),(130,'Acetaminophen, Chlorpheniramine Maleate',1),(131,'Octinoxate, Octisalate, Oxybenzone',1),(132,'Triclosan',1),(133,'phenobarbital',0),(134,'Titanium Dioxide and Zinc Oxide',1),(135,'Aluminum Chlorohydrate',0),(136,'Alumina, Bellis perennis',1),(137,'OCTINOXATE and TITANIUM DIOXIDE',0),(138,'Triclosan',0),(139,'ascorbic acid and cholecalciferol and sodium fluoride and vitamin A palmitate',0),(140,'Ailanthus',0),(141,'Metoprolol tartrate',1),(142,'aspirin and dipyridamole',0),(143,'acetaminophen,dextromethorphan HBr, doxylamine succinate',1),(144,'Clonazepam',0),(145,'Adenosine 0.04%',1),(146,'Levothyroxine Sodium',0),(147,'Nicotine Polacrilex',0),(148,'OCTINOXATE, OXYBENZONE',0),(149,'Meclizine HCl',1),(150,'Acetaminophen, Chlorpheniramine Maleate',1);
/*!40000 ALTER TABLE `pesticide` ENABLE KEYS */;
UNLOCK TABLES;

--
-- Table structure for table `plantation`
--

DROP TABLE IF EXISTS `plantation`;
/*!40101 SET @saved_cs_client     = @@character_set_client */;
/*!40101 SET character_set_client = utf8 */;
CREATE TABLE `plantation` (
  `id` int(11) NOT NULL AUTO_INCREMENT,
  `id_owner` int(11) NOT NULL,
  `name` varchar(80) COLLATE utf8_unicode_ci NOT NULL,
  `address` varchar(80) COLLATE utf8_unicode_ci DEFAULT NULL,
  `city` varchar(80) COLLATE utf8_unicode_ci DEFAULT NULL,
  `state` varchar(80) COLLATE utf8_unicode_ci DEFAULT NULL,
  PRIMARY KEY (`id`),
  KEY `id_owner` (`id_owner`),
  CONSTRAINT `plantation_ibfk_1` FOREIGN KEY (`id_owner`) REFERENCES `user` (`id`)
) ENGINE=InnoDB AUTO_INCREMENT=301 DEFAULT CHARSET=utf8 COLLATE=utf8_unicode_ci;
/*!40101 SET character_set_client = @saved_cs_client */;

--
-- Dumping data for table `plantation`
--

LOCK TABLES `plantation` WRITE;
/*!40000 ALTER TABLE `plantation` DISABLE KEYS */;
INSERT INTO `plantation` VALUES (1,36,'Texas Bristlegrass','591 Meadow Valley Junction','Quintong','Anjolin'),(2,37,'Painted Milkvetch','1 New Castle Junction','Zhenqiao','Querala'),(3,101,'Tehachapi Linanthus','232 Pleasure Pass','Kamyshin','Querala'),(4,120,'Inyo Gilia','39 Oneill Way','Coishco','Querala'),(5,283,'Tolmie Star-tulip','1 Fieldstone Alley','Cayenne','Guyane'),(6,72,'American Mannagrass','0 Marcy Terrace','Mpigi','Querala'),(7,261,'Cotoneaster','395 Summer Ridge Street','Aldeia de Além','Santarém'),(8,196,'Turkey Oak','4 Starling Point','Karpushikha','Uttar Pradesh'),(9,259,'Orange Lichen','92522 Springview Pass','Taiyuan','Uttar Pradesh'),(10,5,'Japanese Apricot','88 Delladonna Circle','Janakkala','Uttar Pradesh'),(11,165,'Oregon Whitetop Aster','34154 Lerdahl Alley','Samara','Uttar Pradesh'),(12,285,'Nail Lichen','20601 Sullivan Court','Rassvet','Uttar Pradesh'),(13,144,'Ballhead Sandwort','2992 Dakota Alley','Pelópion','Tamil Nadu'),(14,202,'Tolmie\'s Goldenrod','294 Ohio Point','Shilovo','Tamil Nadu'),(15,82,'Dwarf Greasebush','700 Walton Crossing','Ospina','Tamil Nadu'),(16,61,'Orangeberry Nightshade','94 Dayton Alley','Libertad','Tamil Nadu'),(17,151,'Modoc Frasera','28455 Kropf Drive','Ryūgasaki','Tamil Nadu'),(18,15,'Punctelia','15 Veith Junction','Baláo','Jammu e Kashmir'),(19,29,'Creeping Sage','54119 Bonner Trail','Hamburg','Hamburg'),(20,89,'Calico Aster','1 Northview Junction','Gerdu','Jammu e Kashmir'),(21,176,'Dollarjoint Pricklypear','2 Forest Dale Plaza','Maunggora','Jammu e Kashmir'),(22,15,'Herman\'s Dwarf Rush','38 Artisan Plaza','Itaocara','Jammu e Kashmir'),(23,145,'Acaulon Moss','3588 Melody Street','Meiktila','Jammu e Kashmir'),(24,270,'Pterogonium Moss','374 Sheridan Pass','Filipowice','Maharashtra'),(25,126,'Avocado','3 Gina Street','Wuyang','Maharashtra'),(26,288,'Prairie Rosinweed','31838 Village Green Parkway','Seattle','Washington'),(27,188,'Sheathed Wildparsley','5419 Swallow Lane','Gori','Maharashtra'),(28,89,'Rough Panicgrass','003 Pond Court','Husów','Maharashtra'),(29,66,'Showy Goldenrod','789 Warbler Junction','Cherëmushki','Maharashtra'),(30,82,'Mendocino Ceanothus','41 Birchwood Way','General San Martín','Karnataka'),(31,253,'Eastern Wahoo','94293 Sachs Terrace','Cinyumput','Karnataka'),(32,77,'Cypress-pine','350 Donald Alley','Tambarangan','Karnataka'),(33,97,'Manyawn Pricklyleaf','788 Elgar Trail','Upi','Karnataka'),(34,186,'Spreading Snakeherb','61520 Kennedy Center','Korobitsyno','Karnataka'),(35,213,'Sphaerellothecium Lichen','74 Oxford Hill','Náklo','Gujarate'),(36,124,'Marsh\'s Bluegrass','479 Cardinal Park','San Sebastian','Oaxaca'),(37,268,'Tinantia','4281 Moulton Road','Nangalimang','Gujarate'),(38,57,'Guaje','940 Stone Corner Lane','Géfyra','Gujarate'),(39,19,'Hylocomiastrum Moss','7215 Towne Drive','Anjihai','Gujarate'),(40,139,'Twisselmann\'s Threadplant','9 Hazelcrest Way','São João dos Montes','Lisboa'),(41,91,'Mycocalicium Lichen','5 Annamark Crossing','Argungu','Gujarate'),(42,214,'\'oha Kepau','17597 Hovde Junction','Jaru','Bihar'),(43,19,'Whiterim Scurfpea','5 Blue Bill Park Terrace','Al Mazra‘ah','Bihar'),(44,78,'Whiteray Pygmydaisy','995 Sunfield Parkway','Gabi','Bihar'),(45,111,'Chinese Boxorange','1 Fairview Center','Xishui','Bihar'),(46,6,'Disc Lichen','695 Arapahoe Place','Rajapeni','Bihar'),(47,278,'Lobed Tickseed','62378 Westport Circle','Härnösand','Västernorrland'),(48,25,'Hermit Milkvetch','3925 Comanche Place','Dahu','Velen'),(49,188,'Elusive Jacob\'s-ladder','834 Arizona Street','Baní','Velen'),(50,72,'Lehua Papa','10 Golf Course Avenue','Oslo','Oslo'),(51,279,'Hypotrachyna Lichen','21 Schlimgen Center','Kuwayris Sharqī','Velen'),(52,107,'Shortray Rockdaisy','9415 Carioca Parkway','Ma’an','Velen'),(53,172,'Shamel Ash','18 Prairieview Place','Likhovskoy','Velen'),(54,202,'Peck\'s Beardtongue','060 Rieder Parkway','Idenao','Novigrad'),(55,135,'Cracked Lichen','73697 Debs Way','Raffingora','Novigrad'),(56,192,'Bearded Prairie Clover','722 Village Park','Luleå','Norrbotten'),(57,177,'Blackcurly Lichen','10261 Londonderry Court','Stanišić','Novigrad'),(58,84,'Guadeloupe Cucumber','837 Transport Street','Strachówka','Novigrad'),(59,263,'Blue-fly Honeysuckle','28 Grover Alley','Talangnan','Novigrad'),(60,24,'Pallid Suncup','4493 Kensington Crossing','Sacramento','California'),(61,130,'Whitney\'s Bristleweed','66 Rusk Center','Gelatik','Skellige Isles'),(62,189,'Orange Coneflower','842 Arkansas Avenue','Pereiro','Viana do Castelo'),(63,212,'Sticky Blue Eyed Mary','4260 Pankratz Crossing','Kota Kinabalu','Sabah'),(64,59,'Los Pinitos Dodder','83 Eagan Center','Heyan','Skellige Isles'),(65,215,'Western Burning Bush','4 Clarendon Center','Chaodi','Skellige Isles'),(66,250,'Wilson\'s Bartramidula Moss','7 Anthes Point','Santa María de Ipire','Skellige Isles'),(67,98,'Jelly Lichen','107 Grover Alley','Xindong','Skellige Isles'),(68,229,'Garber\'s Sandmat','513 Fremont Crossing','Ambatondrazaka','Kaer Morhen'),(69,75,'Grove Bluegrass','52814 Garrison Way','Gambang','Pahang'),(70,264,'Splitleaf Gilia','8075 Mendota Alley','Pengchang','Kaer Morhen'),(71,63,'Dewey Sedge','267 Monument Crossing','Nové Sedlo','Kaer Morhen'),(72,32,'Tobacco','2 Spohn Court','Chenjiatan','Kaer Morhen'),(73,48,'West African Albizzia','93754 Arkansas Park','Faranah','Kaer Morhen'),(74,143,'Canadian Wildrye','513 Monument Alley','Pasadena','California'),(75,113,'Phaeographis','93119 Harper Avenue','Fuyang','White Orchard'),(76,168,'Purple Dropseed','5 Little Fleur Road','Mavingouni','White Orchard'),(77,177,'Crater Lake Sandwort','3737 Memorial Pass','Kalutara','White Orchard'),(78,150,'Hairy New York Aster','6890 Reindahl Hill','Morteros','White Orchard'),(79,194,'Intermediate Cliffbrake','1933 Commercial Alley','Qa‘ţabah','White Orchard'),(80,212,'Thelenella Lichen','3 7th Street','Vityazevo','Toussaint'),(81,278,'Laurel-leaf Swordfern','17518 Morningstar Place','Murindó','Toussaint'),(82,205,'Purplestem Angelica','51961 Hallows Parkway','Shamva','Toussaint'),(83,23,'Vetivergrass','69664 Sachtjen Alley','Sakassou','Toussaint'),(84,284,'Foothill Beardtongue','54607 Miller Parkway','Laç','Toussaint'),(85,126,'Thicket Hogwood','361 Reinke Terrace','Bobon','Gribskov'),(86,139,'Black Maple','5441 Hollow Ridge Hill','Obala','Gribskov'),(87,272,'Blazing Star','4 Roth Point','Kunyang','Gribskov'),(88,71,'Wild Century Plant','27915 Hauk Road','Susaki','Gribskov'),(89,55,'Mildred\'s Clarkia','9 Ramsey Pass','Dār Kulayb','Gribskov'),(90,130,'James\' Buckwheat','436 Summer Ridge Crossing','Ugbokpo','Egedal'),(91,141,'Purplestem Beggarticks','69 Esker Parkway','Chadian','Egedal'),(92,15,'Cushion Spurge','8 Kingsford Plaza','Peace River','Alberta'),(93,180,'Thelocarpon Lichen','615 Sachs Parkway','Dukhovshchina','Egedal'),(94,144,'San Lorenzo Milkvine','77 Coolidge Point','Jefferson City','Missouri'),(95,254,'Uahiapele','1 Coleman Plaza','Wenlin','Egedal'),(96,113,'Inflated Grasswidow','16 Old Shore Drive','Suwa','Egedal'),(97,138,'Hybrid Oak','38056 Bonner Alley','Gritsovskiy','Rudersdal'),(98,81,'Rimmed Lichen','876 Del Sol Avenue','Rokytne','Rudersdal'),(99,194,'Pinkhead Smartweed','12 Sugar Drive','Thành Phố Lạng Sơn','Rudersdal'),(100,260,'Black Vetivergrass','64187 Sugar Court','Grabica','Rudersdal'),(101,104,'Golden Tiara Clematis','5578 Bellgrove Point','Damnoen Saduak','Rudersdal'),(102,80,'Camphorweed','818 Darwin Lane','Pizarro','Drager'),(103,208,'Lori\'s Columbine','6 Hudson Center','Épinal','Lorraine'),(104,125,'Tropical Leafbract','9 Riverside Pass','Katipunan','Drager'),(105,69,'Rose Meadowsweet','0908 Farwell Alley','Hexi','Drager'),(106,210,'Cusick\'s Stickseed','48 Pine View Point','At Tibnī','Drager'),(107,256,'Capillary Hairsedge','14712 Blackbird Park','Santa Teresa','Drager'),(108,23,'Purpleflower Pinkroot','87 Grasskamp Place','Caen','Basse-Normandie'),(109,95,'Phaeocalicium Lichen','288 Warner Point','Ostrožská Nová Ves','Vinland'),(110,141,'Dogtooth Violet','5738 Maple Way','Midland','Texas'),(111,229,'Tibey Parasito','6072 Dwight Place','Sapernoye','Vinland'),(112,274,'Hollyleaf Gilia','87 Green Way','Volkhov','Vinland'),(113,124,'Philonotis Moss','1412 Moland Avenue','Padaan','Vinland'),(114,221,'Loxospora Lichen','7 Sachtjen Center','Magangué','Vinland'),(115,48,'Hairy Chaffhead','010 Bayside Terrace','Shankeng','Oxenfurt'),(116,67,'Common Marshmallow','8 Green Pass','Tsotsin-Yurt','Oxenfurt'),(117,281,'Mountain Tansymustard','0 Maple Plaza','Miharu','Oxenfurt'),(118,204,'California Goldenbanner','0 Grover Junction','Cidamar','Oxenfurt'),(119,245,'Lemmon\'s Keckiella','08781 Anzinger Center','Nanterre','Île-de-France'),(120,74,'Amphidium Moss','7201 Browning Drive','Duvergé','Oxenfurt'),(121,82,'Fragrant Spikesedge','8046 Haas Drive','Guatraché','Vízima'),(122,277,'Annual Marsh Elder','56 Manufacturers Pass','Esquipulas','Vízima'),(123,250,'Vente Conmigo','3 Memorial Hill','Firminópolis','Vízima'),(124,232,'Florida Jujube','21 Monument Lane','Červené Pečky','Vízima'),(125,254,'Thickleaf Drymary','0 Muir Hill','Hayama','Vízima'),(126,285,'Mahogany','4 Prairie Rose Court','Kawm Ḩamādah','Fredensborg'),(127,44,'Beggarticks','5234 Farwell Avenue','Zaqatala','Fredensborg'),(128,194,'Channel Island Poppy','03033 Hallows Point','Brotas','Fredensborg'),(129,171,'Oregon White Oak','19 Riverside Crossing','Studzionka','Fredensborg'),(130,179,'Daffodil','718 Mccormick Plaza','Luhans’ke','Fredensborg'),(131,75,'Parish\'s Yampah','019 Crescent Oaks Drive','Fangyan','Albertslund'),(132,134,'Reddish Bamboo','1 Stang Court','Richmond','Albertslund'),(133,168,'Emory\'s Milkvetch','8677 Stone Corner Hill','Valkeakoski','Albertslund'),(134,90,'Glacier Eyebright','23543 Westerfield Park','Odiongan','Albertslund'),(135,205,'Butterfly Orchid','242 Summit Way','Chongxian','Albertslund'),(136,66,'Virginia Roundleaf Birch','2 Sherman Street','Jijia','Passiflora'),(137,296,'Stinging Phacelia','0 Lyons Crossing','Pajé','Passiflora'),(138,90,'Fragrant Bugle-lily','800 David Court','Zangbawa','Passiflora'),(139,83,'Blue Mountain Buckwheat','4530 Judy Drive','Ariz','Porto'),(140,14,'Island Wallflower','56 Bellgrove Way','Perelhal','Braga'),(141,267,'Skin Lichen','479 Beilfuss Road','Sączów','Passiflora'),(142,32,'Lyreleaf Greeneyes','7 Ilene Street','Sierakowice','Passiflora'),(143,262,'Spotted Stickseed','11402 Stoughton Way','Yaozhanzi','Lidenvale'),(144,5,'Manchurian Yellow Loosestrife','7 Laurel Plaza','Basel','Kanton Basel-Stadt'),(145,265,'Smallhead Heathgoldenrod','862 Sugar Road','Kokopo','Lidenvale'),(146,132,'Coral Bristlegrass','1 Lakeland Place','Fukuechō','Lidenvale'),(147,205,'Marsh American-aster','97 Forest Run Avenue','At-Bashi','Lidenvale'),(148,260,'Pricklypoppy','25832 Knutson Street','Khvānsār','Lidenvale'),(149,126,'Congo Mahoe','57879 Buhler Alley','Vatutino','Gildorf'),(150,297,'Liogier\'s Dwarf Polypody','21 Sherman Drive','Metallostroy','Gildorf'),(151,123,'Compact Prairie Clover','39 Cody Drive','Pradera','Gildorf'),(152,227,'Limestone Draba','8946 Dahle Pass','Haykashen','Gildorf'),(153,10,'Zelometeorium Moss','72424 Hovde Point','Daye','Gildorf'),(154,115,'Black Cherry','5308 Cherokee Trail','Khamyāb','Hindar'),(155,291,'Ballhead Ipomopsis','17 Stuart Terrace','Luodian','Hindar'),(156,191,'Bristleleaf Pricklyleaf','37044 Waubesa Avenue','Barnaul','Hindar'),(157,52,'Melaspilea Lichen','3 Brown Park','Cikiruh Wetan','Hindar'),(158,253,'Johnston\'s Cryptantha','166 Gateway Terrace','Wuyang','Hindar'),(159,88,'Kamchatka Rhododendron','484 Sommers Junction','Barcelona','Cataluna'),(160,225,'Rim Lichen','19 Monument Parkway','Pueblo Nuevo','Honorton'),(161,207,'Hoary Fleabane','38 Del Mar Plaza','Kamenka','Honorton'),(162,37,'West Indian Tonguefern','5671 Artisan Circle','Gozdnica','Honorton'),(163,283,'Sharp-tooth Buckthorn','9 Buell Crossing','Huanggangshan','Honorton'),(164,67,'American Nailwort','8 Weeping Birch Terrace','Fayzabad','Honorton'),(165,279,'Common Pear','010 Stang Trail','Shangtang','Condyle'),(166,192,'Saltwater Bush','720 Thackeray Road','Emalgolin Mongolzuxiang','Condyle'),(167,174,'Littleleaf Minerslettuce','03811 Colorado Place','Jackson','Mississippi'),(168,165,'Slender Woodland-star','4451 Walton Drive','Borås','Västra Götaland'),(169,168,'Sinkwa Towelsponge','2184 Banding Plaza','A dos Negros','Leiria'),(170,88,'Tall Draba','759 Coleman Circle','Longquan','Condyle'),(171,6,'Zahlbrucknerella Lichen','060 Nobel Point','Lila','Condyle'),(172,68,'Lemon-flower Gum','5 Talisman Terrace','Carbonear','Newfoundland and Labrador'),(173,273,'Anomobryum Moss','87564 Pawling Terrace','Horodnytsya','Condyle'),(174,151,'Orange-flower Star Orchid','01 Northridge Way','Upper San Mateo','Dalvik'),(175,258,'Helodium Moss','44668 Coolidge Street','Il’skiy','Dalvik'),(176,7,'Na\'ena\'e Pua Melemele','1 Lakewood Lane','San Francisco','Dalvik'),(177,70,'Scoliciosporum Lichen','69 Merchant Hill','Praingkareha','Dalvik'),(178,242,'Bluehead Gilia','3 Heath Hill','Czarnocin','Dalvik'),(179,194,'Dot Lichen','12741 Buena Vista Place','Gondomar','Braga'),(180,78,'Arctic Starflower','58 Longview Lane','Frederiksberg','Region Hovedstaden'),(181,96,'White Bryony','087 Hoepker Crossing','Paris 11','Île-de-France'),(182,212,'Palo De Hueso','3255 Sage Court','Kembangkerang Lauk Timur','Lofoten'),(183,252,'Wart Lichen','94579 Kinsman Lane','Bokor','Lofoten'),(184,7,'Maui Phyllostegia','544 Dennis Road','Bethlehem','Pennsylvania'),(185,167,'Sandhills Lily','264 Brentwood Center','Černilov','Lofoten'),(186,219,'Flagstaff Ragwort','6 Acker Crossing','San Rafael','Lofoten'),(187,135,'Rigiopappus','68 Reindahl Junction','San Jose','Lofoten'),(188,67,'Ligulate Syrrhopodon Moss','0199 Cody Junction','Tignoan','Larvik'),(189,204,'Laurel','1401 Northport Trail','Magdalena','Larvik'),(190,177,'Hartweg\'s Cyphomandra','4799 Jana Court','Corcuera','Larvik'),(191,211,'Dwarf Barley','1 Jana Lane','Kiritsy','Larvik'),(192,121,'Mojave Yucca','1 Loeprich Circle','Caigangan','Larvik'),(193,168,'Dwarf Red Blackberry','58615 Gateway Drive','Forshaga','Värmland'),(194,126,'Field Sagewort','7748 Fremont Junction','Telnice','Lurthen'),(195,171,'Anomodon Moss','49 Sloan Crossing','Golubinci','Lurthen'),(196,130,'Ribbed Paspalum','9 Ruskin Road','K’olīto','Lurthen'),(197,243,'Curtiss\' Evening Primrose','702 Kensington Point','Cuevas','Lurthen'),(198,275,'Feltleaf Willow','445 Heath Trail','Ostrožská Nová Ves','Lurthen'),(199,111,'Chicory','214 Towne Street','Szczawnica','Midcopse'),(200,59,'Lama','63668 Declaration Court','Krajan Kulon','Midcopse'),(201,215,'Tufted Globe Amaranth','6167 Coolidge Drive','Jindayris','Midcopse'),(202,198,'Macrae\'s Spleenwort','9 Warbler Circle','Fayzabad','Midcopse'),(203,293,'Kauai Nehe','85 Fremont Alley','Sāqayn','Midcopse'),(204,113,'Oakes\' Eyebright','27850 Mayer Avenue','Karangarjo','Fornhala'),(205,60,'Tiny Purslane','653 Morrow Lane','Tanahedang','Fornhala'),(206,230,'Amazonvine','478 Larry Lane','Néa Karyá','Fornhala'),(207,109,'Gila Rockdaisy','87 Jenifer Court','Kurbnesh','Fornhala'),(208,243,'Clustered Goldenweed','9265 Grover Parkway','Kalamáta','Fornhala'),(209,6,'Husk Tomato','12 Kenwood Point','Kajatian','Veithurgard'),(210,101,'El Dorado Mule-ears','83694 Kingsford Circle','Zishan','Veithurgard'),(211,100,'Sematophyllum Moss','209 Melvin Center','Gelan','Veithurgard'),(212,125,'Giant Vetch','51024 Sugar Point','Bayt Qād','Veithurgard'),(213,260,'Reflexed Airplant','89 Duke Alley','La Virgen','Mexico'),(214,249,'Sharpflower Rush','3 Cambridge Street','Huichang','Veithurgard'),(215,263,'Oat','43 Corscot Road','Grenoble','Rhône-Alpes'),(216,166,'Rim Lichen','29 Annamark Crossing','Port-aux-Français','Foothills'),(217,135,'Hornemann\'s Willowherb','629 Eliot Center','Haghartsin','Foothills'),(218,184,'Seasonvine','5640 Orin Terrace','Amboasary','Foothills'),(219,91,'Yellow Marsh Saxifrage','07275 Sutherland Way','Messina','Sicilia'),(220,211,'Nodding Blue-eyed Grass','70914 Old Gate Court','Tianta','Foothills'),(221,1,'Silktassel','04955 Sauthoff Court','Malummaduri','Foothills'),(222,190,'Partridgeberry','4275 Twin Pines Place','Al Muţayrifī','Alfheim'),(223,243,'Cracked Lichen','6 Jenna Circle','Sinarjaya','Alfheim'),(224,227,'Homalia Moss','3991 Schiller Terrace','Būrabay','Alfheim'),(225,268,'Jones\' Beardtongue','8 Ridgeview Road','Masḩah','Alfheim'),(226,48,'Granite Mousetail','74000 Sutteridge Pass','Hainan','Alfheim'),(227,261,'Rhizomnium Moss','99 Lakewood Gardens Drive','Flic en Flac','Helheim'),(228,269,'Matted Lichen','38 Browning Way','Kudus','Helheim'),(229,249,'Yellow Bloodstain Lichen','98 Columbus Court','Joyabaj','Helheim'),(230,201,'Hophornbeam','2846 Oakridge Circle','Intendente Alvear','Helheim'),(231,62,'Plains Beeblossom','262 Waxwing Drive','Monte da Pedra','Portalegre'),(232,74,'Jeweled Stenogyne','10618 Valley Edge Park','Semalang','Helheim'),(233,240,'Tall Tonguefern','84 Norway Maple Place','Taraz','Jotunheim'),(234,230,'Forest Johnnyberry','739 Bayside Circle','Matsuyama','Jotunheim'),(235,86,'Engelmann\'s Knotweed','7486 Luster Lane','Padangtiji','Jotunheim'),(236,298,'Soft Bird\'s-beak','95 Sunfield Plaza','Pinamalayan','Jotunheim'),(237,149,'Erpodium Moss','678 Main Terrace','Qinlan','Jotunheim'),(238,94,'Longleaf Pine','64760 Bluejay Plaza','Agen','Aquitaine'),(239,286,'Payson\'s Tansymustard','7214 Milwaukee Street','Pahing Pamulihan','Nilfheim'),(240,94,'Slim Milkweed','71362 Mitchell Park','Liujiagou','Nilfheim'),(241,195,'Panamint Daisy','7 Helena Alley','Shchelkovo','Nilfheim'),(242,135,'Phaeographina Lichen','5 Sycamore Park','Hawassa','Nilfheim'),(243,145,'Wart Lichen','53049 Michigan Alley','Jacksonville','Florida'),(244,56,'Dominican Lovegrass','24 Cardinal Lane','Morant Bay','Nilfheim'),(245,298,'Nevada Bird\'s-foot Trefoil','0 Evergreen Circle','Sinamaica','Muspelheim'),(246,298,'California Blackberry','3 Northwestern Court','Duyang','Muspelheim'),(247,241,'Heliopsis','4697 Larry Road','Bratislava','Muspelheim'),(248,70,'Skunkbush Sumac','0271 Vera Center','Newport News','Virginia'),(249,268,'Drushel\'s Wild Petunia','172 Truax Circle','Osiek','Muspelheim'),(250,298,'Bigflower Tellima','72191 Waywood Trail','Karlskoga','Örebro'),(251,125,'Swamp Larkspur','99464 Pine View Point','Pignon','Muspelheim'),(252,274,'Panamint Buckwheat','17 Hoepker Hill','Del Valle','Veracruz Llave'),(253,140,'Brittle Spineflower','6 Chinook Junction','Azaruja','Évora'),(254,44,'Kaibab Draba','734 Jenna Court','Mae Lao','Basin'),(255,80,'Bollean Mistletoe','39863 Spaight Place','Jovim','Porto'),(256,97,'Hypotrachyna Lichen','383 Cascade Street','Sortavala','Basin'),(257,70,'Treasureflower','79 Mccormick Center','Waitangi','Basin'),(258,59,'Native Caper','52138 Thackeray Center','Wiang Chiang Rung','Basin'),(259,271,'Broadleaf Lupine','6 Cambridge Way','Muang Sam Sip','Basin'),(260,135,'Butte Desertparsley','596 Becker Park','Polyarnyye Zori','Bastille'),(261,158,'Red Sand Verbena','8 Ohio Circle','Kyankwanzi','Bastille'),(262,199,'Smooth Violet Prairie Aster','9 Weeping Birch Park','Malvas','Bastille'),(263,243,'Pacific Jewelflower','71290 Prentice Park','Mikulintsy','Bastille'),(264,213,'Crimson Weigela','95514 Brickson Park Street','Tianfu','Bastille'),(265,149,'Timopheev\'s Wheat','9736 Judy Street','Washington','District of Columbia'),(266,165,'Thelenella Lichen','530 Browning Alley','Igarapé','Belfry'),(267,293,'Nevada Goosefoot','084 Arapahoe Way','Cô Tô','Belfry'),(268,150,'Cooper\'s Popcornflower','6552 Southridge Crossing','Toyokawa','Belfry'),(269,67,'Beechey\'s Bamboo','54 Maple Wood Alley','Hongkou','Belfry'),(270,49,'Rugulose Shield Lichen','8746 Mcbride Drive','Oujiangcha','Belfry'),(271,237,'Desert Ceanothus','5497 Sutherland Terrace','Ulbroka','Freljord'),(272,161,'Malaysian Persimmon','438 Maryland Circle','Vukovar','Freljord'),(273,3,'Texas Vervain','2894 Anthes Alley','Jungutbatu Kaja Dua','Freljord'),(274,111,'Snow Dwarf-primrose','775 Straubel Crossing','Zhenchuan','Freljord'),(275,232,'Bottlebrush','1043 Starling Crossing','Néa Péramos','Freljord'),(276,120,'Caloncoba','0651 Arrowood Hill','Všeruby','Bilgewater'),(277,245,'Brazilian Watergrass','38 Basil Hill','Fangfan','Bilgewater'),(278,105,'Jeweled Hawthorn','0212 6th Avenue','Glubokiy','Bilgewater'),(279,250,'Golden Suncup','88181 Elka Road','Kolodenka','Bilgewater'),(280,191,'Arctic Springbeauty','7942 Vera Hill','Uenohara','Bilgewater'),(281,275,'Oxypetalum','77090 Monument Way','Watuagung','Demacia'),(282,41,'Beard Lichen','31 Union Hill','Falkenberg','Halland'),(283,169,'Trujillo Coca','822 Cody Way','São Martinho do Campo','Porto'),(284,33,'Spiral Ditchgrass','741 Melrose Lane','Dolní Dvořiště','Demacia'),(285,69,'Canada Lily','18344 Alpine Trail','Jiayuguan','Demacia'),(286,28,'California Poppy','551 Oak Place','Serra D\'El Rei','Leiria'),(287,141,'Leafless Beaked Lady Orchid','9514 Express Hill','Prilep','Demacia'),(288,193,'Thimble Grass','2 Myrtle Circle','Kropotkin','Demacia'),(289,127,'Yerba De Guava','4 Barby Street','Ladário','Ionia'),(290,136,'Flatcrown Buckwheat','6315 Truax Park','Bydgoszcz','Ionia'),(291,200,'Star Tickseed','64710 Anniversary Terrace','Pryluky','Ionia'),(292,43,'Cutleaf False Oxtongue','69 Carberry Park','Patea','Ionia'),(293,200,'Castle Crags Bellflower','5 Gulseth Park','Osa','Ionia'),(294,283,'Narrowleaf Water-starwort','10 Oxford Park','Shencang','Ixtal'),(295,95,'Newberry\'s Twinpod','835 8th Trail','Alīgūdarz','Ixtal'),(296,238,'Pacific Saxifrage','20 Northland Terrace','Obanazawa','Ixtal'),(297,1,'Waterparsnip','909 Stang Court','Colonia Neuland','Ixtal'),(298,132,'French Sorrel','38 Division Street','Homeyo','Ixtal'),(299,297,'Fremont County Twinpod','56 Morningstar Alley','Masatepe','Noxus'),(300,81,'Sandwort Daisy Fleabane','8 Larry Drive','Cuenca','Noxus');
/*!40000 ALTER TABLE `plantation` ENABLE KEYS */;
UNLOCK TABLES;

--
-- Table structure for table `plantation_permission`
--

DROP TABLE IF EXISTS `plantation_permission`;
/*!40101 SET @saved_cs_client     = @@character_set_client */;
/*!40101 SET character_set_client = utf8 */;
CREATE TABLE `plantation_permission` (
  `id` int(11) NOT NULL AUTO_INCREMENT,
  `id_plantation` int(11) NOT NULL,
  `id_user` int(11) NOT NULL,
  PRIMARY KEY (`id`),
  KEY `id_user` (`id_user`),
  KEY `id_plantation` (`id_plantation`),
  CONSTRAINT `plantation_permission_ibfk_1` FOREIGN KEY (`id_user`) REFERENCES `user` (`id`),
  CONSTRAINT `plantation_permission_ibfk_2` FOREIGN KEY (`id_plantation`) REFERENCES `plantation` (`id`)
) ENGINE=InnoDB AUTO_INCREMENT=301 DEFAULT CHARSET=utf8 COLLATE=utf8_unicode_ci;
/*!40101 SET character_set_client = @saved_cs_client */;

--
-- Dumping data for table `plantation_permission`
--

LOCK TABLES `plantation_permission` WRITE;
/*!40000 ALTER TABLE `plantation_permission` DISABLE KEYS */;
INSERT INTO `plantation_permission` VALUES (1,52,12),(2,227,50),(3,214,263),(4,66,117),(5,41,36),(6,34,155),(7,77,287),(8,267,116),(9,165,122),(10,156,199),(11,270,157),(12,52,15),(13,31,164),(14,85,131),(15,266,58),(16,232,271),(17,170,263),(18,50,278),(19,262,254),(20,180,14),(21,128,280),(22,220,266),(23,243,10),(24,24,299),(25,90,239),(26,39,124),(27,17,263),(28,275,60),(29,186,266),(30,297,172),(31,177,261),(32,151,223),(33,8,152),(34,45,147),(35,120,131),(36,125,235),(37,51,25),(38,239,61),(39,97,185),(40,35,288),(41,122,117),(42,60,202),(43,148,219),(44,49,252),(45,73,198),(46,203,34),(47,190,138),(48,248,281),(49,196,11),(50,46,243),(51,228,124),(52,127,238),(53,175,116),(54,150,8),(55,257,216),(56,44,106),(57,246,73),(58,47,249),(59,16,46),(60,260,145),(61,123,84),(62,201,40),(63,138,129),(64,224,242),(65,46,200),(66,180,292),(67,36,198),(68,163,294),(69,53,181),(70,122,300),(71,99,16),(72,152,145),(73,187,102),(74,28,141),(75,226,13),(76,199,118),(77,142,86),(78,162,27),(79,134,260),(80,99,109),(81,226,133),(82,217,150),(83,186,298),(84,30,203),(85,238,103),(86,297,93),(87,69,103),(88,178,18),(89,139,254),(90,240,141),(91,120,299),(92,195,134),(93,148,93),(94,141,211),(95,237,60),(96,230,122),(97,91,242),(98,130,2),(99,198,239),(100,114,183),(101,62,290),(102,45,238),(103,48,206),(104,46,220),(105,183,264),(106,286,273),(107,6,112),(108,32,177),(109,146,167),(110,43,104),(111,53,9),(112,98,151),(113,138,38),(114,1,244),(115,255,160),(116,79,94),(117,26,201),(118,288,92),(119,228,242),(120,207,235),(121,223,136),(122,206,200),(123,35,3),(124,134,227),(125,44,54),(126,118,279),(127,211,23),(128,160,289),(129,93,234),(130,11,86),(131,47,112),(132,150,133),(133,227,68),(134,49,127),(135,298,191),(136,274,118),(137,113,143),(138,231,259),(139,34,134),(140,139,206),(141,173,193),(142,52,140),(143,98,75),(144,198,225),(145,76,92),(146,131,101),(147,200,127),(148,1,139),(149,145,55),(150,297,8),(151,198,228),(152,220,140),(153,274,171),(154,154,299),(155,238,243),(156,170,166),(157,94,34),(158,24,164),(159,285,30),(160,266,111),(161,187,225),(162,73,196),(163,164,261),(164,62,242),(165,7,55),(166,291,47),(167,217,64),(168,219,46),(169,45,47),(170,154,196),(171,52,258),(172,32,91),(173,69,192),(174,187,217),(175,4,178),(176,74,54),(177,230,66),(178,19,255),(179,75,12),(180,278,196),(181,90,241),(182,28,152),(183,172,73),(184,48,50),(185,48,2),(186,43,275),(187,165,136),(188,92,9),(189,259,266),(190,20,195),(191,295,280),(192,293,299),(193,247,10),(194,53,231),(195,168,240),(196,24,149),(197,296,7),(198,198,105),(199,93,107),(200,105,229),(201,79,54),(202,128,72),(203,98,244),(204,244,83),(205,237,82),(206,189,69),(207,168,283),(208,273,102),(209,123,298),(210,285,179),(211,101,16),(212,268,57),(213,80,254),(214,167,222),(215,253,291),(216,196,208),(217,58,199),(218,194,122),(219,49,169),(220,162,126),(221,162,105),(222,257,251),(223,294,81),(224,176,266),(225,268,64),(226,132,84),(227,82,202),(228,299,202),(229,52,144),(230,220,90),(231,240,162),(232,166,227),(233,214,27),(234,51,22),(235,50,118),(236,59,57),(237,237,252),(238,51,207),(239,288,105),(240,46,184),(241,104,146),(242,26,112),(243,246,127),(244,252,73),(245,187,34),(246,206,58),(247,209,266),(248,202,76),(249,137,211),(250,129,141),(251,49,299),(252,9,103),(253,105,36),(254,249,292),(255,2,6),(256,89,250),(257,187,264),(258,228,30),(259,153,257),(260,212,260),(261,185,46),(262,167,29),(263,202,64),(264,10,174),(265,18,29),(266,282,117),(267,205,205),(268,1,201),(269,249,258),(270,51,232),(271,136,241),(272,128,117),(273,46,92),(274,273,220),(275,256,120),(276,98,192),(277,177,102),(278,194,177),(279,38,72),(280,265,235),(281,258,34),(282,3,186),(283,298,159),(284,170,145),(285,226,37),(286,156,77),(287,131,167),(288,209,11),(289,36,10),(290,131,71),(291,163,79),(292,200,116),(293,168,246),(294,226,24),(295,234,86),(296,192,284),(297,153,256),(298,24,50),(299,31,103),(300,85,33);
/*!40000 ALTER TABLE `plantation_permission` ENABLE KEYS */;
UNLOCK TABLES;

--
-- Table structure for table `plantation_pesticide`
--

DROP TABLE IF EXISTS `plantation_pesticide`;
/*!40101 SET @saved_cs_client     = @@character_set_client */;
/*!40101 SET character_set_client = utf8 */;
CREATE TABLE `plantation_pesticide` (
  `id` int(11) NOT NULL AUTO_INCREMENT,
  `id_plantation` int(11) NOT NULL,
  `id_pesticide` int(11) NOT NULL,
  PRIMARY KEY (`id`),
  KEY `id_plantation` (`id_plantation`),
  KEY `id_pesticide` (`id_pesticide`),
  CONSTRAINT `plantation_pesticide_ibfk_1` FOREIGN KEY (`id_plantation`) REFERENCES `plantation` (`id`),
  CONSTRAINT `plantation_pesticide_ibfk_2` FOREIGN KEY (`id_pesticide`) REFERENCES `pesticide` (`id`)
) ENGINE=InnoDB AUTO_INCREMENT=201 DEFAULT CHARSET=utf8 COLLATE=utf8_unicode_ci;
/*!40101 SET character_set_client = @saved_cs_client */;

--
-- Dumping data for table `plantation_pesticide`
--

LOCK TABLES `plantation_pesticide` WRITE;
/*!40000 ALTER TABLE `plantation_pesticide` DISABLE KEYS */;
INSERT INTO `plantation_pesticide` VALUES (1,253,59),(2,229,122),(3,237,5),(4,194,52),(5,256,150),(6,33,15),(7,112,92),(8,27,74),(9,140,21),(10,153,98),(11,291,67),(12,145,146),(13,269,90),(14,289,145),(15,187,127),(16,169,46),(17,126,138),(18,208,57),(19,242,150),(20,15,113),(21,127,61),(22,163,115),(23,86,46),(24,48,89),(25,219,144),(26,252,131),(27,196,39),(28,256,120),(29,120,3),(30,33,43),(31,256,13),(32,46,14),(33,124,96),(34,37,5),(35,276,25),(36,266,82),(37,235,137),(38,288,100),(39,46,13),(40,56,16),(41,88,111),(42,195,98),(43,27,69),(44,66,2),(45,24,88),(46,163,12),(47,262,111),(48,250,129),(49,134,49),(50,258,90),(51,52,70),(52,290,17),(53,295,136),(54,4,43),(55,146,73),(56,41,62),(57,40,114),(58,50,92),(59,283,120),(60,6,84),(61,203,20),(62,264,42),(63,251,92),(64,98,40),(65,47,140),(66,79,46),(67,290,99),(68,46,60),(69,161,83),(70,46,10),(71,28,87),(72,285,90),(73,216,61),(74,290,28),(75,277,69),(76,8,94),(77,94,120),(78,128,139),(79,273,114),(80,256,131),(81,149,45),(82,87,70),(83,204,41),(84,252,120),(85,273,53),(86,196,105),(87,204,68),(88,137,148),(89,184,76),(90,213,102),(91,58,116),(92,86,65),(93,68,145),(94,239,63),(95,134,61),(96,17,7),(97,273,84),(98,278,48),(99,114,96),(100,63,119),(101,154,125),(102,205,90),(103,93,48),(104,163,1),(105,44,66),(106,107,75),(107,5,149),(108,261,108),(109,190,11),(110,194,103),(111,138,53),(112,29,86),(113,192,32),(114,66,127),(115,228,81),(116,122,94),(117,135,141),(118,100,146),(119,201,18),(120,217,43),(121,224,61),(122,63,140),(123,154,29),(124,268,127),(125,235,93),(126,166,32),(127,228,48),(128,251,105),(129,120,115),(130,129,101),(131,275,79),(132,221,26),(133,64,14),(134,188,150),(135,91,106),(136,99,109),(137,249,79),(138,213,38),(139,211,116),(140,131,45),(141,63,9),(142,163,76),(143,162,95),(144,153,108),(145,172,56),(146,98,28),(147,286,38),(148,197,122),(149,50,17),(150,72,20),(151,219,49),(152,202,145),(153,177,69),(154,218,25),(155,39,2),(156,132,70),(157,214,108),(158,78,101),(159,256,149),(160,205,42),(161,91,39),(162,229,38),(163,188,98),(164,88,82),(165,83,35),(166,235,138),(167,164,128),(168,4,83),(169,280,138),(170,111,30),(171,65,136),(172,293,25),(173,188,127),(174,88,50),(175,39,27),(176,183,55),(177,128,115),(178,149,114),(179,48,120),(180,266,59),(181,72,123),(182,47,20),(183,261,4),(184,225,63),(185,177,29),(186,24,104),(187,207,114),(188,26,78),(189,36,26),(190,283,116),(191,172,92),(192,150,99),(193,110,47),(194,98,78),(195,66,31),(196,115,113),(197,261,46),(198,282,46),(199,262,106),(200,70,14);
/*!40000 ALTER TABLE `plantation_pesticide` ENABLE KEYS */;
UNLOCK TABLES;

--
-- Table structure for table `plants_and_pesticides`
--

DROP TABLE IF EXISTS `plants_and_pesticides`;
/*!40101 SET @saved_cs_client     = @@character_set_client */;
/*!40101 SET character_set_client = utf8 */;
CREATE TABLE `plants_and_pesticides` (
  `plantID` int(11) NOT NULL DEFAULT '0',
  `allowed` tinyint(1) NOT NULL,
  `id_owner` int(11) NOT NULL,
  `plantName` varchar(80) CHARACTER SET utf8 COLLATE utf8_unicode_ci NOT NULL,
  `plantPestID` int(11) NOT NULL DEFAULT '0',
  `pestID` int(11) NOT NULL DEFAULT '0',
  `pestName` varchar(80) CHARACTER SET utf8 COLLATE utf8_unicode_ci NOT NULL
) ENGINE=InnoDB DEFAULT CHARSET=latin1;
/*!40101 SET character_set_client = @saved_cs_client */;

--
-- Dumping data for table `plants_and_pesticides`
--

LOCK TABLES `plants_and_pesticides` WRITE;
/*!40000 ALTER TABLE `plants_and_pesticides` DISABLE KEYS */;
INSERT INTO `plants_and_pesticides` VALUES (163,1,283,'Sharp-tooth Buckthorn',104,1,'Desoximetasone'),(66,1,250,'Wilson\'s Bartramidula Moss',44,2,'Ketoconazole'),(39,1,19,'Hylocomiastrum Moss',155,2,'Ketoconazole'),(120,1,74,'Amphidium Moss',29,3,'ALCOHOL'),(261,0,158,'Red Sand Verbena',183,4,'TRIPROLIDINE HYDROCHLORIDE'),(237,1,149,'Erpodium Moss',3,5,'Ipratropium Bromide'),(37,1,268,'Tinantia',34,5,'Ipratropium Bromide'),(17,1,151,'Modoc Frasera',96,7,'ENALAPRIL MALEATE'),(63,1,212,'Sticky Blue Eyed Mary',141,9,'Methocarbamol'),(46,0,6,'Disc Lichen',70,10,'Ibuprofen'),(190,1,177,'Hartweg\'s Cyphomandra',109,11,'Nirtogen'),(163,0,283,'Sharp-tooth Buckthorn',46,12,'Chlordiazepoxide Hydrochloride'),(256,0,97,'Hypotrachyna Lichen',31,13,'Omeprazole'),(46,0,6,'Disc Lichen',39,13,'Omeprazole'),(46,0,6,'Disc Lichen',32,14,'quetiapine fumarate'),(64,0,59,'Los Pinitos Dodder',133,14,'quetiapine fumarate'),(70,0,264,'Splitleaf Gilia',200,14,'quetiapine fumarate'),(33,1,97,'Manyawn Pricklyleaf',6,15,'bacillus subtilis'),(56,1,192,'Bearded Prairie Clover',40,16,'Pyrithione Zinc'),(290,0,136,'Flatcrown Buckwheat',52,17,'Streptococcus Faecalis'),(50,0,72,'Lehua Papa',149,17,'Streptococcus Faecalis'),(201,0,215,'Tufted Globe Amaranth',119,18,'MIDODRINE HYDROCHLORIDE'),(203,0,293,'Kauai Nehe',61,20,'TRICLOSAN'),(72,0,32,'Tobacco',150,20,'TRICLOSAN'),(47,0,278,'Lobed Tickseed',182,20,'TRICLOSAN'),(140,1,14,'Island Wallflower',9,21,'CHLORHEXIDINE GLUCONATE, ETHYL ALCOHOL'),(276,0,120,'Caloncoba',35,25,'levetiracetam'),(218,0,184,'Seasonvine',154,25,'levetiracetam'),(293,0,200,'Castle Crags Bellflower',172,25,'levetiracetam'),(221,1,1,'Silktassel',132,26,'Pyrithione Zinc'),(36,1,124,'Marsh\'s Bluegrass',189,26,'Pyrithione Zinc'),(39,1,19,'Hylocomiastrum Moss',175,27,'Titanium Dioxide and Zinc Oxide'),(290,1,136,'Flatcrown Buckwheat',74,28,'Short/Giant Ragweed Mixture'),(98,1,81,'Rimmed Lichen',146,28,'Short/Giant Ragweed Mixture'),(154,1,115,'Black Cherry',123,29,'quinapril hydrochloride'),(177,1,70,'Scoliciosporum Lichen',185,29,'quinapril hydrochloride'),(111,1,229,'Tibey Parasito',170,30,'Polyvinyl Alcohol'),(66,1,250,'Wilson\'s Bartramidula Moss',195,31,'Antifungal Miconazole Powder Jock Itch Spray'),(192,1,121,'Mojave Yucca',113,32,'BENZOYL PEROXIDE'),(166,1,192,'Saltwater Bush',126,32,'BENZOYL PEROXIDE'),(83,1,23,'Vetivergrass',165,35,'METRONIDAZOLE'),(213,1,260,'Reflexed Airplant',138,38,'paroxetine hydrochloride'),(286,1,28,'California Poppy',147,38,'paroxetine hydrochloride'),(229,1,249,'Yellow Bloodstain Lichen',162,38,'paroxetine hydrochloride'),(196,0,130,'Ribbed Paspalum',27,39,'helianthus annuus pollen'),(91,0,141,'Purplestem Beggarticks',161,39,'helianthus annuus pollen'),(98,0,81,'Rimmed Lichen',64,40,'Amlodipine Besylate'),(204,1,113,'Oakes\' Eyebright',83,41,'Aluminum Chlorohydrate'),(264,1,213,'Crimson Weigela',62,42,'Cyclosporine'),(205,1,60,'Tiny Purslane',160,42,'Cyclosporine'),(33,1,97,'Manyawn Pricklyleaf',30,43,'Hydrocodone Bitartrate And Acetaminophen'),(4,1,120,'Inyo Gilia',54,43,'Hydrocodone Bitartrate And Acetaminophen'),(217,1,135,'Hornemann\'s Willowherb',120,43,'Hydrocodone Bitartrate And Acetaminophen'),(149,1,126,'Congo Mahoe',81,45,'Haloperidol Decanoate'),(131,1,75,'Parish\'s Yampah',140,45,'Haloperidol Decanoate'),(169,0,168,'Sinkwa Towelsponge',16,46,'Mineral oil, petrolatum, phenylephrine hcl'),(86,0,139,'Black Maple',23,46,'Mineral oil, petrolatum, phenylephrine hcl'),(79,0,194,'Intermediate Cliffbrake',66,46,'Mineral oil, petrolatum, phenylephrine hcl'),(261,0,158,'Red Sand Verbena',197,46,'Mineral oil, petrolatum, phenylephrine hcl'),(282,0,41,'Beard Lichen',198,46,'Mineral oil, petrolatum, phenylephrine hcl'),(110,1,141,'Dogtooth Violet',193,47,'BENZALKONIUM CHLORIDE'),(278,1,105,'Jeweled Hawthorn',98,48,'ascorbic'),(93,1,180,'Thelocarpon Lichen',103,48,'ascorbic'),(228,1,269,'Matted Lichen',127,48,'ascorbic'),(134,0,90,'Glacier Eyebright',49,49,'OCTINOXATE, OCTOCRYLENE, and TITANIUM DIOXIDE'),(219,0,91,'Yellow Marsh Saxifrage',151,49,'OCTINOXATE, OCTOCRYLENE, and TITANIUM DIOXIDE'),(88,1,71,'Wild Century Plant',174,50,'Irbesartan'),(194,0,126,'Field Sagewort',4,52,'Loratadine'),(273,1,3,'Texas Vervain',85,53,'ANTIPYRINE AND BENZOCAINE'),(138,1,90,'Fragrant Bugle-lily',111,53,'ANTIPYRINE AND BENZOCAINE'),(183,1,252,'Wart Lichen',176,55,'Metoprolol Tartrate and Hydrochlorothiazide'),(172,1,68,'Lemon-flower Gum',145,56,'Reticuloendothelial system 8 Special Order'),(208,0,243,'Clustered Goldenweed',18,57,'Doxycycline Hyclate'),(253,1,140,'Brittle Spineflower',1,59,'Letrozole'),(266,1,165,'Thelenella Lichen',180,59,'Letrozole'),(46,1,6,'Disc Lichen',68,60,'Loratadine'),(127,0,44,'Beggarticks',21,61,'Stemphylium sarciniforms'),(216,0,166,'Rim Lichen',73,61,'Stemphylium sarciniforms'),(134,0,90,'Glacier Eyebright',95,61,'Stemphylium sarciniforms'),(224,0,227,'Homalia Moss',121,61,'Stemphylium sarciniforms'),(41,1,91,'Mycocalicium Lichen',56,62,'Isosorbide Dinitrate'),(239,1,286,'Payson\'s Tansymustard',94,63,'Hydromorphone Hydrochloride'),(225,1,268,'Jones\' Beardtongue',184,63,'Hydromorphone Hydrochloride'),(86,0,139,'Black Maple',92,65,'bacitracin zinc'),(44,0,78,'Whiteray Pygmydaisy',105,66,'Ofloxacin'),(291,0,200,'Star Tickseed',11,67,'Alcohol'),(204,1,113,'Oakes\' Eyebright',87,68,'MIDODRINE HYDROCHLORIDE'),(27,0,188,'Sheathed Wildparsley',43,69,'Hydrocodone Bitartrate and Acetaminophen'),(277,0,245,'Brazilian Watergrass',75,69,'Hydrocodone Bitartrate and Acetaminophen'),(177,0,70,'Scoliciosporum Lichen',153,69,'Hydrocodone Bitartrate and Acetaminophen'),(52,0,107,'Shortray Rockdaisy',51,70,'CEFPODOXIME PROXETIL'),(87,0,272,'Blazing Star',82,70,'CEFPODOXIME PROXETIL'),(132,0,134,'Reddish Bamboo',156,70,'CEFPODOXIME PROXETIL'),(146,1,132,'Coral Bristlegrass',55,73,'Dexamethasone Sodium Phosphate'),(27,1,188,'Sheathed Wildparsley',8,74,'Docusate Sodium'),(107,1,256,'Capillary Hairsedge',106,75,'Cetirizine'),(184,1,7,'Maui Phyllostegia',89,76,'chlorhexidine gluconate and isopropyl alcohol'),(163,1,283,'Sharp-tooth Buckthorn',142,76,'chlorhexidine gluconate and isopropyl alcohol'),(26,0,288,'Prairie Rosinweed',188,78,'TRICLOSAN'),(98,0,81,'Rimmed Lichen',194,78,'TRICLOSAN'),(275,1,232,'Bottlebrush',131,79,'RISPERIDONE'),(249,1,268,'Drushel\'s Wild Petunia',137,79,'RISPERIDONE'),(228,0,269,'Matted Lichen',115,81,'pork'),(266,1,165,'Thelenella Lichen',36,82,'Theophylline'),(88,1,71,'Wild Century Plant',164,82,'Theophylline'),(161,0,207,'Hoary Fleabane',69,83,'minoxidil'),(4,0,120,'Inyo Gilia',168,83,'minoxidil'),(6,1,72,'American Mannagrass',60,84,'Ziprasidone hydrochloride'),(273,1,3,'Texas Vervain',97,84,'Ziprasidone hydrochloride'),(29,1,66,'Showy Goldenrod',112,86,'Acetaminophen'),(28,0,89,'Rough Panicgrass',71,87,'Titanium Dioxide, Octinoxate, Octisalate, Zinc Oxide'),(24,0,270,'Pterogonium Moss',45,88,'Moexipril Hydrochloride'),(48,1,25,'Hermit Milkvetch',24,89,'Zafirlukast'),(269,1,67,'Beechey\'s Bamboo',13,90,'BENZALKONIUM CHLORIDE'),(258,1,59,'Native Caper',50,90,'BENZALKONIUM CHLORIDE'),(285,1,69,'Canada Lily',72,90,'BENZALKONIUM CHLORIDE'),(205,1,60,'Tiny Purslane',102,90,'BENZALKONIUM CHLORIDE'),(112,0,274,'Hollyleaf Gilia',7,92,'BENZOYL PEROXIDE'),(50,0,72,'Lehua Papa',58,92,'BENZOYL PEROXIDE'),(251,0,125,'Swamp Larkspur',63,92,'BENZOYL PEROXIDE'),(172,0,68,'Lemon-flower Gum',191,92,'BENZOYL PEROXIDE'),(235,0,86,'Engelmann\'s Knotweed',125,93,'Allergenic Extracts Alum Precipitated'),(8,1,196,'Turkey Oak',76,94,'Duloxetin hydrochloride'),(122,1,277,'Annual Marsh Elder',116,94,'Duloxetin hydrochloride'),(162,1,37,'West Indian Tonguefern',143,95,'salicylic acid and benzoyl peroxide'),(124,1,232,'Florida Jujube',33,96,'Ranitidine Hydrochloride'),(114,1,221,'Loxospora Lichen',99,96,'Ranitidine Hydrochloride'),(153,1,10,'Zelometeorium Moss',10,98,'Cabergoline'),(195,1,171,'Anomodon Moss',42,98,'Cabergoline'),(188,1,67,'Ligulate Syrrhopodon Moss',163,98,'Cabergoline'),(290,1,136,'Flatcrown Buckwheat',67,99,'ALCOHOL'),(150,1,297,'Liogier\'s Dwarf Polypody',192,99,'ALCOHOL'),(288,0,193,'Thimble Grass',38,100,'Conium maculatum 6X, Graphites 12X, Sulphur 12X'),(129,0,171,'Oregon White Oak',130,101,'Rivastigmine Tartrate'),(78,0,150,'Hairy New York Aster',158,101,'Rivastigmine Tartrate'),(213,0,260,'Reflexed Airplant',90,102,'Lisinopril'),(194,0,126,'Field Sagewort',110,103,'Ranitidine'),(24,1,270,'Pterogonium Moss',186,104,'ALCOHOL'),(196,1,130,'Ribbed Paspalum',86,105,'ALUMINUM CHLOROHYDRATE'),(251,1,125,'Swamp Larkspur',128,105,'ALUMINUM CHLOROHYDRATE'),(91,1,141,'Purplestem Beggarticks',135,106,'clonidine hydrochloride'),(262,1,199,'Smooth Violet Prairie Aster',199,106,'clonidine hydrochloride'),(261,1,158,'Red Sand Verbena',108,108,'Baclofen'),(153,1,10,'Zelometeorium Moss',144,108,'Baclofen'),(214,1,249,'Sharpflower Rush',157,108,'Baclofen'),(99,0,194,'Pinkhead Smartweed',136,109,'Ifosfamide'),(88,1,71,'Wild Century Plant',41,111,'Fluoride'),(262,1,199,'Smooth Violet Prairie Aster',47,111,'Fluoride'),(15,1,82,'Dwarf Greasebush',20,113,'HYDROCODONE BITARTRATE AND ACETAMINOPHEN'),(115,1,48,'Hairy Chaffhead',196,113,'HYDROCODONE BITARTRATE AND ACETAMINOPHEN'),(40,1,139,'Twisselmann\'s Threadplant',57,114,'benztropine mesylate'),(273,1,3,'Texas Vervain',79,114,'benztropine mesylate'),(149,1,126,'Congo Mahoe',178,114,'benztropine mesylate'),(207,1,109,'Gila Rockdaisy',187,114,'benztropine mesylate'),(163,1,283,'Sharp-tooth Buckthorn',22,115,'Nicotine Polacrilex'),(120,1,74,'Amphidium Moss',129,115,'Nicotine Polacrilex'),(128,1,194,'Channel Island Poppy',177,115,'Nicotine Polacrilex'),(58,1,84,'Guadeloupe Cucumber',91,116,'Chlorpheniramine Maleate'),(211,1,100,'Sematophyllum Moss',139,116,'Chlorpheniramine Maleate'),(283,1,169,'Trujillo Coca',190,116,'Chlorpheniramine Maleate'),(63,1,212,'Sticky Blue Eyed Mary',100,119,'MENTHOL'),(256,0,97,'Hypotrachyna Lichen',28,120,'Dextromethorphan HBr, Guaifenesin, Phenylephrine HCl'),(283,0,169,'Trujillo Coca',59,120,'Dextromethorphan HBr, Guaifenesin, Phenylephrine HCl'),(94,0,144,'San Lorenzo Milkvine',77,120,'Dextromethorphan HBr, Guaifenesin, Phenylephrine HCl'),(252,0,274,'Panamint Buckwheat',84,120,'Dextromethorphan HBr, Guaifenesin, Phenylephrine HCl'),(48,0,25,'Hermit Milkvetch',179,120,'Dextromethorphan HBr, Guaifenesin, Phenylephrine HCl'),(229,1,249,'Yellow Bloodstain Lichen',2,122,'Benazepril Hydrochloride'),(197,1,243,'Curtiss\' Evening Primrose',148,122,'Benazepril Hydrochloride'),(72,0,32,'Tobacco',181,123,'Triclosan'),(154,0,115,'Black Cherry',101,125,'Octinoxate, Avobenzone, and Octisalate'),(187,0,135,'Rigiopappus',15,127,'drospirenone and ethinyl estradiol'),(66,0,250,'Wilson\'s Bartramidula Moss',114,127,'drospirenone and ethinyl estradiol'),(268,0,150,'Cooper\'s Popcornflower',124,127,'drospirenone and ethinyl estradiol'),(188,0,67,'Ligulate Syrrhopodon Moss',173,127,'drospirenone and ethinyl estradiol'),(164,1,67,'American Nailwort',167,128,'Levothyroxine Sodium'),(250,1,298,'Bigflower Tellima',48,129,'Oxygen'),(252,1,274,'Panamint Buckwheat',26,131,'Octinoxate, Octisalate, Oxybenzone'),(256,1,97,'Hypotrachyna Lichen',80,131,'Octinoxate, Octisalate, Oxybenzone'),(295,1,95,'Newberry\'s Twinpod',53,136,'Alumina, Bellis perennis'),(65,1,215,'Western Burning Bush',171,136,'Alumina, Bellis perennis'),(235,0,86,'Engelmann\'s Knotweed',37,137,'OCTINOXATE and TITANIUM DIOXIDE'),(126,0,285,'Mahogany',17,138,'Triclosan'),(235,0,86,'Engelmann\'s Knotweed',166,138,'Triclosan'),(280,0,191,'Arctic Springbeauty',169,138,'Triclosan'),(128,0,194,'Channel Island Poppy',78,139,'ascorbic acid and cholecalciferol and sodium fluoride and vitamin A palmitate'),(47,0,278,'Lobed Tickseed',65,140,'Ailanthus'),(63,0,212,'Sticky Blue Eyed Mary',122,140,'Ailanthus'),(135,1,205,'Butterfly Orchid',117,141,'Metoprolol tartrate'),(219,0,91,'Yellow Marsh Saxifrage',25,144,'Clonazepam'),(289,1,127,'Yerba De Guava',14,145,'Adenosine 0.04%'),(68,1,229,'Garber\'s Sandmat',93,145,'Adenosine 0.04%'),(202,1,198,'Macrae\'s Spleenwort',152,145,'Adenosine 0.04%'),(145,0,265,'Smallhead Heathgoldenrod',12,146,'Levothyroxine Sodium'),(100,0,260,'Black Vetivergrass',118,146,'Levothyroxine Sodium'),(137,0,296,'Stinging Phacelia',88,148,'OCTINOXATE, OXYBENZONE'),(5,1,283,'Tolmie Star-tulip',107,149,'Meclizine HCl'),(256,1,97,'Hypotrachyna Lichen',159,149,'Meclizine HCl'),(256,1,97,'Hypotrachyna Lichen',5,150,'Acetaminophen, Chlorpheniramine Maleate'),(242,1,135,'Phaeographina Lichen',19,150,'Acetaminophen, Chlorpheniramine Maleate'),(188,1,67,'Ligulate Syrrhopodon Moss',134,150,'Acetaminophen, Chlorpheniramine Maleate');
/*!40000 ALTER TABLE `plants_and_pesticides` ENABLE KEYS */;
UNLOCK TABLES;

--
-- Table structure for table `user`
--

DROP TABLE IF EXISTS `user`;
/*!40101 SET @saved_cs_client     = @@character_set_client */;
/*!40101 SET character_set_client = utf8 */;
CREATE TABLE `user` (
  `id` int(11) NOT NULL AUTO_INCREMENT,
  `name` varchar(80) COLLATE utf8_unicode_ci NOT NULL,
  `title` varchar(80) COLLATE utf8_unicode_ci DEFAULT NULL,
  `permission` int(11) NOT NULL,
  `creation` datetime NOT NULL,
  PRIMARY KEY (`id`)
) ENGINE=InnoDB AUTO_INCREMENT=301 DEFAULT CHARSET=utf8 COLLATE=utf8_unicode_ci;
/*!40101 SET character_set_client = @saved_cs_client */;

--
-- Dumping data for table `user`
--

LOCK TABLES `user` WRITE;
/*!40000 ALTER TABLE `user` DISABLE KEYS */;
INSERT INTO `user` VALUES (1,'Ettore Butteris','Fiscal',1,'2006-07-12 13:56:40'),(2,'Boniface Calabry','Ministro',3,'1996-05-14 16:23:18'),(3,'Kissie Rawne','Engenheiro',2,'1981-02-20 13:16:08'),(4,'Kellina Anyene','Pesquisador',2,'1982-09-05 18:38:42'),(5,'Pepito Carrier','Fazendeiro',2,'1988-05-16 16:55:39'),(6,'Fara Covely','Fiscal',1,'1986-09-07 21:30:48'),(7,'Jorie Giacobbo','Ministro',3,'1999-12-12 22:00:51'),(8,'Misty Tapton','Engenheiro',2,'1986-03-23 18:25:34'),(9,'Nonah Alexsandrev','Pesquisador',2,'2011-01-20 12:35:49'),(10,'Willey Sperry','Fazendeiro',2,'1987-06-26 04:21:20'),(11,'Edgardo Boffin','Fiscal',1,'2016-12-05 06:12:57'),(12,'Artie Otterwell','Ministro',3,'1995-03-19 05:38:08'),(13,'Jerrie Riddler','Engenheiro',2,'2007-02-22 05:30:52'),(14,'Ezequiel Simpson','Pesquisador',2,'2001-01-06 05:48:54'),(15,'Kara-lynn Lippingwell','Fazendeiro',2,'1982-11-03 09:04:06'),(16,'Gratia Perdue','Fiscal',1,'2003-05-17 19:39:48'),(17,'Eleonore Norcutt','Ministro',3,'1992-07-08 02:07:55'),(18,'Alvina Binley','Engenheiro',2,'1987-02-02 15:46:58'),(19,'Jon Kroger','Pesquisador',2,'2004-09-06 14:29:13'),(20,'Heinrik Castillo','Fazendeiro',2,'1984-07-05 07:21:03'),(21,'Waldon Reimer','Fiscal',1,'1986-03-18 18:52:04'),(22,'Jerry Alden','Ministro',3,'1992-12-01 21:03:52'),(23,'Teador Domelaw','Engenheiro',2,'1992-04-03 12:05:19'),(24,'Giff Bowker','Pesquisador',2,'2014-02-06 00:02:21'),(25,'Ree Blench','Fazendeiro',2,'1986-07-07 23:33:27'),(26,'Charles Gosling','Fiscal',1,'1991-07-22 08:05:55'),(27,'Nev Lisciandro','Ministro',3,'2012-11-22 18:48:02'),(28,'Cristian MacGuigan','Engenheiro',2,'1999-11-01 19:55:43'),(29,'Morse Peeters','Pesquisador',2,'1981-06-21 02:44:35'),(30,'Ab Clementi','Fazendeiro',2,'1990-04-12 19:05:53'),(31,'Modesta Lefort','Fiscal',1,'2010-06-03 09:06:04'),(32,'Shermy Aldins','Ministro',3,'1984-02-03 17:02:20'),(33,'Cilka Northing','Engenheiro',2,'2004-12-31 04:10:09'),(34,'Lianne Breese','Pesquisador',2,'1986-12-31 19:23:11'),(35,'Rosalie Legonidec','Fazendeiro',2,'2003-11-21 14:50:22'),(36,'Hendrik Chamberlaine','Fiscal',1,'1989-03-09 23:43:46'),(37,'Elroy Jobson','Ministro',3,'2007-06-27 23:40:10'),(38,'Carry Kalaher','Engenheiro',2,'2012-02-23 17:02:33'),(39,'Romola Sherwyn','Pesquisador',2,'2010-10-12 19:07:38'),(40,'Ardenia Swinnard','Fazendeiro',2,'1981-12-13 22:44:15'),(41,'Jesus Gadsdon','Fiscal',1,'1992-01-28 11:33:04'),(42,'Farley Griffey','Ministro',3,'1988-07-01 10:22:25'),(43,'Trever Greenroad','Engenheiro',2,'1981-03-10 23:39:55'),(44,'Mona Redbourn','Pesquisador',2,'2011-11-26 01:07:26'),(45,'Lyndsey Farrall','Fazendeiro',2,'2002-11-09 09:33:28'),(46,'Daryl Matthews','Fiscal',1,'2011-02-24 20:41:31'),(47,'Demetri Pothergill','Ministro',3,'1996-03-12 21:58:08'),(48,'Fanchette Lefever','Engenheiro',2,'2015-05-12 13:15:20'),(49,'Elnore Bentsen','Pesquisador',2,'2006-07-25 18:13:32'),(50,'Juanita Ransfield','Fazendeiro',2,'1999-10-30 00:31:32'),(51,'Ruperto Grigore','Fiscal',1,'1993-09-01 01:40:00'),(52,'Piotr Abrey','Ministro',3,'1998-08-11 12:35:58'),(53,'Vonni McAteer','Engenheiro',2,'2000-07-30 17:09:58'),(54,'Boy Pettiford','Pesquisador',2,'1989-07-26 13:51:51'),(55,'Ruperta Massimi','Fazendeiro',2,'2008-04-30 04:40:35'),(56,'Matthew Kopec','Fiscal',1,'2007-11-21 21:54:47'),(57,'Jaclyn Sangster','Ministro',3,'2010-05-17 06:58:08'),(58,'Aguie Bleything','Engenheiro',2,'1982-09-17 08:31:12'),(59,'Buiron Plant','Pesquisador',2,'2007-07-06 22:50:42'),(60,'Meryl Simm','Fazendeiro',2,'1992-10-12 14:25:05'),(61,'Richy Aymeric','Fiscal',1,'2014-08-06 13:08:37'),(62,'Dino Slayford','Ministro',3,'2012-03-25 13:13:56'),(63,'Phelia Lyffe','Engenheiro',2,'1982-09-03 08:16:52'),(64,'Stephanus Jovicevic','Pesquisador',2,'2002-09-26 09:41:49'),(65,'Zeb Samms','Fazendeiro',2,'2012-12-02 12:13:48'),(66,'Dela Varden','Fiscal',1,'1994-06-13 22:20:52'),(67,'Kelley Camier','Ministro',3,'1991-01-13 06:41:12'),(68,'Reggie Tomasik','Engenheiro',2,'1983-10-28 07:08:54'),(69,'Theresina Charlotte','Pesquisador',2,'2011-05-06 07:39:38'),(70,'Stinky Mannock','Fazendeiro',2,'1988-11-17 12:10:57'),(71,'Griffie Brisley','Fiscal',1,'2004-07-01 15:07:57'),(72,'Robenia England','Ministro',3,'2016-06-14 05:52:08'),(73,'Marylin Gillion','Engenheiro',2,'1998-08-19 04:34:26'),(74,'Hamel Iozefovich','Pesquisador',2,'2014-03-16 23:24:31'),(75,'Shadow Boltwood','Fazendeiro',2,'1982-10-15 11:10:47'),(76,'Cosmo Ciani','Fiscal',1,'2014-11-05 13:59:43'),(77,'Vicki Bridgens','Ministro',3,'1996-09-04 13:10:27'),(78,'Tracy Coche','Engenheiro',2,'1992-03-02 21:07:54'),(79,'Virginie Shrimptone','Pesquisador',2,'2007-08-21 16:29:49'),(80,'Morganne Grumbridge','Fazendeiro',2,'1992-06-14 03:47:51'),(81,'Sharline Ellens','Fiscal',1,'1988-08-26 13:56:00'),(82,'Ginger Bracchi','Ministro',3,'1999-12-05 09:40:30'),(83,'Adria Grayer','Engenheiro',2,'1996-10-27 09:53:19'),(84,'Rawley Cardiff','Pesquisador',2,'1988-02-21 18:27:15'),(85,'Diane Sutherns','Fazendeiro',2,'2008-12-21 02:05:56'),(86,'Nappy Guice','Fiscal',1,'2007-06-13 16:26:02'),(87,'Maure O\'Rafferty','Ministro',3,'1994-07-15 08:10:19'),(88,'Hildagarde Phipps','Engenheiro',2,'2003-11-07 22:24:50'),(89,'Lorin Mansford','Pesquisador',2,'1989-08-08 12:49:44'),(90,'Ricky Moyler','Fazendeiro',2,'1990-11-22 03:24:39'),(91,'Lusa Hixley','Fiscal',1,'2010-08-30 05:27:36'),(92,'Miof mela Deegan','Ministro',3,'1987-04-13 23:51:14'),(93,'Bertha Berwick','Engenheiro',2,'2016-04-08 13:01:30'),(94,'Basia Burney','Pesquisador',2,'2013-10-20 04:10:25'),(95,'Debee Lerwell','Fazendeiro',2,'1985-02-02 07:47:36'),(96,'Cristi Priestnall','Fiscal',1,'2001-12-23 01:25:48'),(97,'Corine Ianilli','Ministro',3,'2014-09-04 21:02:58'),(98,'Eloise Skase','Engenheiro',2,'1994-09-15 08:25:51'),(99,'Casper Ewert','Pesquisador',2,'2017-05-22 07:06:39'),(100,'Dougy Habard','Fazendeiro',2,'1988-06-04 09:16:31'),(101,'Dyanne Sumnall','Fiscal',1,'2014-04-23 00:17:56'),(102,'Aloysia Menat','Ministro',3,'1985-04-08 10:16:27'),(103,'Mano Mackney','Engenheiro',2,'2002-09-27 04:47:38'),(104,'Angy Bringloe','Pesquisador',2,'1987-12-15 11:58:28'),(105,'Ronnica Raunds','Fazendeiro',2,'2017-01-15 07:49:34'),(106,'Ranna MacCracken','Fiscal',1,'1982-05-08 19:19:25'),(107,'Bessy Guislin','Ministro',3,'1997-09-21 03:24:16'),(108,'Sascha Antonich','Engenheiro',2,'1983-06-24 18:43:21'),(109,'Elva Grimsditch','Pesquisador',2,'2000-07-31 12:25:21'),(110,'Forester Shanahan','Fazendeiro',2,'2001-03-12 02:19:50'),(111,'Grantham Juschka','Fiscal',1,'2015-06-22 17:30:33'),(112,'May Osinin','Ministro',3,'2009-07-15 23:34:30'),(113,'Khalil Withull','Engenheiro',2,'1996-04-18 07:20:17'),(114,'Torie Butte','Pesquisador',2,'1992-07-08 21:02:45'),(115,'Cirillo Piche','Fazendeiro',2,'2004-03-20 00:39:52'),(116,'Gaultiero Haythorne','Fiscal',1,'1983-04-07 08:19:09'),(117,'Linus Deex','Ministro',3,'2008-08-08 05:51:45'),(118,'Penny Kilbee','Engenheiro',2,'2009-08-17 00:24:12'),(119,'Den Skirving','Pesquisador',2,'1983-01-02 16:36:23'),(120,'Robinetta Creeghan','Fazendeiro',2,'2006-10-04 03:13:44'),(121,'Axel O\'Shevlin','Fiscal',1,'1991-12-19 07:11:19'),(122,'Noak Mendus','Ministro',3,'1986-06-03 09:22:51'),(123,'Freemon Stellin','Engenheiro',2,'1995-08-31 21:49:11'),(124,'Alecia Humbles','Pesquisador',2,'2012-03-02 11:40:48'),(125,'Ralina Keen','Fazendeiro',2,'1995-06-10 22:30:22'),(126,'Lenee Dottrell','Fiscal',1,'1988-05-21 03:19:43'),(127,'Wyatan Adamski','Ministro',3,'2000-09-09 22:03:29'),(128,'Gamaliel Vergo','Engenheiro',2,'1995-10-25 18:48:50'),(129,'Haily Clemson','Pesquisador',2,'1993-01-03 17:43:37'),(130,'Chastity Denecamp','Fazendeiro',2,'1983-02-20 08:16:18'),(131,'Candi Jerratsch','Fiscal',1,'2014-04-20 02:33:19'),(132,'Marshall Slimings','Ministro',3,'2014-08-31 05:20:28'),(133,'Halimeda Blaber','Engenheiro',2,'1986-12-11 23:02:37'),(134,'Roy Agiolfinger','Pesquisador',2,'1985-05-12 02:25:17'),(135,'Stillman Dudny','Fazendeiro',2,'2008-05-21 21:04:57'),(136,'Marybeth Baltrushaitis','Fiscal',1,'1983-05-22 10:45:28'),(137,'Lesley Jardin','Ministro',3,'2000-01-11 00:19:25'),(138,'Bert Romeuf','Engenheiro',2,'1986-05-10 09:40:56'),(139,'Henderson Hawkyens','Pesquisador',2,'1986-04-10 19:50:29'),(140,'Gerty Peer','Fazendeiro',2,'1989-10-06 19:19:52'),(141,'Onofredo McCarrick','Fiscal',1,'2008-06-06 10:49:51'),(142,'Genia Calderhead','Ministro',3,'2008-12-05 09:22:56'),(143,'Crawford Clethro','Engenheiro',2,'1999-05-18 04:03:00'),(144,'Verna Tippin','Pesquisador',2,'1993-12-07 01:27:50'),(145,'Myrta Mohring','Fazendeiro',2,'1988-02-17 11:08:24'),(146,'Rafael De Blasio','Fiscal',1,'1998-05-29 18:40:20'),(147,'Leelah Friett','Ministro',3,'2007-01-10 17:20:58'),(148,'Aurilia Bonsall','Engenheiro',2,'1990-03-26 15:11:05'),(149,'Vitoria Roncelli','Pesquisador',2,'1985-06-16 03:03:06'),(150,'Dorolice Snalum','Fazendeiro',2,'1993-07-04 01:02:47'),(151,'Merle Halewood','Fiscal',1,'1983-09-29 18:37:04'),(152,'Ibby Sherborn','Ministro',3,'2005-10-31 17:03:58'),(153,'Kennedy Matskiv','Engenheiro',2,'1995-04-17 10:37:34'),(154,'Marie-jeanne Larenson','Pesquisador',2,'2015-06-08 06:39:25'),(155,'Kennith Vickery','Fazendeiro',2,'1992-02-16 11:47:02'),(156,'Imelda McMorland','Fiscal',1,'2017-12-29 06:54:16'),(157,'Desmund Stearne','Ministro',3,'2010-08-11 01:42:27'),(158,'Aurelea Attwater','Engenheiro',2,'2009-02-04 09:52:40'),(159,'Sheba Attewell','Pesquisador',2,'1990-07-07 09:43:50'),(160,'Francois Zoanetti','Fazendeiro',2,'1989-08-10 00:21:24'),(161,'Christye Bartell','Fiscal',1,'1989-06-25 08:07:25'),(162,'Dwight Skep','Ministro',3,'2008-09-23 10:40:11'),(163,'Ferd Mayhou','Engenheiro',2,'1983-03-27 15:07:12'),(164,'Katee Kyffin','Pesquisador',2,'2005-10-18 00:05:11'),(165,'Claudie Stennings','Fazendeiro',2,'2015-02-02 03:06:14'),(166,'Nisse Liver','Fiscal',1,'1994-04-29 02:17:06'),(167,'Nealon Greenside','Ministro',3,'1991-02-19 06:06:41'),(168,'Terrye Beningfield','Engenheiro',2,'1987-02-14 17:35:28'),(169,'Ranee Noyce','Pesquisador',2,'2014-10-15 15:50:50'),(170,'Micky Ludl','Fazendeiro',2,'1998-10-06 14:04:54'),(171,'Siusan Rubenovic','Fiscal',1,'2001-09-22 12:48:39'),(172,'Devinne Bibb','Ministro',3,'2016-12-19 06:45:47'),(173,'Fraze Rummer','Engenheiro',2,'2010-08-02 19:21:15'),(174,'Helen Harsnipe','Pesquisador',2,'1999-05-05 12:10:25'),(175,'Carmen Grigoli','Fazendeiro',2,'1998-08-18 07:12:17'),(176,'Perl Charke','Fiscal',1,'2007-04-11 10:46:19'),(177,'Alexandr Graeser','Ministro',3,'2009-01-27 19:16:11'),(178,'Nara Proschke','Engenheiro',2,'2009-09-02 00:17:23'),(179,'Arlana Bridgland','Pesquisador',2,'1991-09-17 22:24:17'),(180,'Dickie Farnin','Fazendeiro',2,'1998-05-07 00:53:13'),(181,'Tedie Pryer','Fiscal',1,'1985-12-22 10:13:59'),(182,'Donovan Cars','Ministro',3,'1986-02-05 16:33:20'),(183,'Ewart Peebles','Engenheiro',2,'2003-01-10 15:29:45'),(184,'Lazaro Bletso','Pesquisador',2,'2007-08-22 13:32:15'),(185,'Amara Barthelet','Fazendeiro',2,'2006-11-20 13:17:43'),(186,'Mab Greenroyd','Fiscal',1,'1997-08-09 05:58:41'),(187,'Pepillo Bentke','Ministro',3,'1990-02-08 20:10:46'),(188,'Elie Hilldrop','Engenheiro',2,'2003-05-19 18:08:44'),(189,'Demetrius MacTurlough','Pesquisador',2,'1987-03-15 05:15:26'),(190,'Cathrine Joseff','Fazendeiro',2,'2009-09-25 13:10:34'),(191,'Marv Gomby','Fiscal',1,'2013-05-13 23:07:01'),(192,'Wylma Adds','Ministro',3,'1998-05-05 08:48:28'),(193,'Alana Bowsher','Engenheiro',2,'2014-03-05 07:28:24'),(194,'Theadora Gosswell','Pesquisador',2,'2007-10-04 01:05:08'),(195,'Jamie Polamontayne','Fazendeiro',2,'2007-05-02 14:26:51'),(196,'Michel Broggelli','Fiscal',1,'1984-03-23 07:00:34'),(197,'Alfonse De Castri','Ministro',3,'2006-10-03 00:06:00'),(198,'Susan Orpen','Engenheiro',2,'2008-01-27 23:18:37'),(199,'Rawley Januszewski','Pesquisador',2,'2010-08-04 13:12:34'),(200,'Jessy Benam','Fazendeiro',2,'2013-08-08 00:22:57'),(201,'Gennifer Schimpke','Fiscal',1,'1995-04-30 06:59:03'),(202,'Silvan Bridger','Ministro',3,'1995-11-28 10:22:45'),(203,'Elisha Glisane','Engenheiro',2,'2009-04-17 14:06:50'),(204,'Izabel Farrimond','Pesquisador',2,'2010-05-12 07:16:54'),(205,'Armin Elvey','Fazendeiro',2,'2012-01-26 14:06:36'),(206,'Devinne Borkin','Fiscal',1,'1995-02-28 05:21:59'),(207,'Vanya Malcher','Ministro',3,'1980-11-20 21:18:47'),(208,'Donetta Tailby','Engenheiro',2,'1992-11-24 14:52:55'),(209,'Bax Holdren','Pesquisador',2,'2004-02-08 17:32:12'),(210,'Itch Kender','Fazendeiro',2,'1996-06-23 10:03:01'),(211,'Iris Weigh','Fiscal',1,'1987-09-20 11:07:45'),(212,'Birk Golsby','Ministro',3,'1982-11-12 06:34:01'),(213,'Sayre Gosneye','Engenheiro',2,'2004-03-20 11:26:25'),(214,'Whitby Bartocci','Pesquisador',2,'1993-11-06 08:27:34'),(215,'Penny Drayson','Fazendeiro',2,'2012-01-15 07:40:19'),(216,'Minnie Gaythwaite','Fiscal',1,'1987-01-13 20:34:22'),(217,'Arnie Laskey','Ministro',3,'2004-05-02 09:02:02'),(218,'Hedwig Khidr','Engenheiro',2,'1995-06-19 22:34:51'),(219,'Lynna Mainston','Pesquisador',2,'2013-06-02 18:00:06'),(220,'Paxton Winters','Fazendeiro',2,'2010-01-10 08:50:35'),(221,'Harley Dennington','Fiscal',1,'2013-08-31 09:59:14'),(222,'Leonidas Jameson','Ministro',3,'1989-06-22 21:12:25'),(223,'Renell Kerfoot','Engenheiro',2,'1996-03-19 16:49:33'),(224,'Rafa Marrow','Pesquisador',2,'1999-08-24 05:39:12'),(225,'Ruthann Welbrock','Fazendeiro',2,'2015-02-07 21:26:14'),(226,'Tamqrah Basley','Fiscal',1,'1981-06-07 20:59:14'),(227,'Hatty Blainey','Ministro',3,'1982-02-20 18:47:51'),(228,'Jenny Cammidge','Engenheiro',2,'2014-06-14 02:19:25'),(229,'Thadeus Ainscow','Pesquisador',2,'2015-03-28 22:33:08'),(230,'Margo Marsden','Fazendeiro',2,'1996-03-30 17:36:40'),(231,'Zenia Bidder','Fiscal',1,'1982-12-07 20:28:17'),(232,'Othella Ferrey','Ministro',3,'1991-09-04 15:38:46'),(233,'Constantina Allam','Engenheiro',2,'2009-11-19 02:25:49'),(234,'Nolan Speares','Pesquisador',2,'1991-05-27 20:07:00'),(235,'Corenda Mowbury','Fazendeiro',2,'2009-02-12 03:13:00'),(236,'Donall Mathen','Fiscal',1,'2017-09-02 14:54:33'),(237,'Benedikt Nuschke','Ministro',3,'1999-11-06 02:46:23'),(238,'Archy Zammitt','Engenheiro',2,'1981-11-18 11:30:14'),(239,'Minne Mousby','Pesquisador',2,'1992-07-23 08:42:12'),(240,'Loren Scuse','Fazendeiro',2,'1988-06-19 15:39:19'),(241,'Matias Maidstone','Fiscal',1,'2007-04-14 14:25:38'),(242,'Kimmie Ruffell','Ministro',3,'2000-01-18 13:23:35'),(243,'Yance Vaudrey','Engenheiro',2,'1992-07-09 01:53:07'),(244,'Bink Laird-Craig','Pesquisador',2,'1994-12-31 11:39:45'),(245,'Kane Rigden','Fazendeiro',2,'2017-02-20 18:55:21'),(246,'Tiffani Parrish','Fiscal',1,'2013-02-05 03:45:20'),(247,'Dierdre Spellissy','Ministro',3,'1985-11-11 03:04:40'),(248,'Ambrosius Peres','Engenheiro',2,'1981-03-30 10:30:43'),(249,'Annadiana Ayscough','Pesquisador',2,'2001-09-30 16:50:09'),(250,'Tanya Keigher','Fazendeiro',2,'1991-09-26 14:45:24'),(251,'Dino Suttell','Fiscal',1,'1985-06-20 17:14:31'),(252,'Staford Gilhooly','Ministro',3,'2004-10-22 18:38:45'),(253,'Kristyn Medler','Engenheiro',2,'2000-09-06 08:20:47'),(254,'Gale Gopsall','Pesquisador',2,'2017-10-31 19:24:34'),(255,'Rhys Boynton','Fazendeiro',2,'1984-04-01 08:04:33'),(256,'Danny Beetham','Fiscal',1,'2011-09-24 04:09:37'),(257,'Hendrika Dayborne','Ministro',3,'2004-10-18 15:24:31'),(258,'Benedetto Snaddin','Engenheiro',2,'2010-02-12 11:09:07'),(259,'Sigismundo Sitlington','Pesquisador',2,'2007-08-21 10:57:21'),(260,'Charita Copo','Fazendeiro',2,'2000-03-11 23:03:34'),(261,'Findley Rosenblatt','Fiscal',1,'2006-01-14 19:14:26'),(262,'Kynthia Shields','Ministro',3,'1989-01-26 06:40:32'),(263,'Alexandros Rennix','Engenheiro',2,'1984-11-04 09:15:39'),(264,'Sly McCaughey','Pesquisador',2,'2015-11-10 18:53:06'),(265,'Merola McWhorter','Fazendeiro',2,'2007-10-04 22:09:15'),(266,'Jock Baigent','Fiscal',1,'1991-09-29 11:29:32'),(267,'Ailee Lillford','Ministro',3,'2012-10-16 00:24:27'),(268,'Paddie Hatch','Engenheiro',2,'2016-05-11 00:09:09'),(269,'Matilda Swanton','Pesquisador',2,'2004-08-05 07:43:48'),(270,'Sosanna Culshew','Fazendeiro',2,'2017-10-24 01:02:59'),(271,'Franni Cicullo','Fiscal',1,'2017-11-09 23:25:40'),(272,'Correna Demschke','Ministro',3,'1993-04-25 13:21:59'),(273,'Delores Mattis','Engenheiro',2,'2001-03-12 01:40:55'),(274,'Darryl Kanzler','Pesquisador',2,'2005-11-23 05:32:54'),(275,'Findley Alleburton','Fazendeiro',2,'2014-05-13 07:44:15'),(276,'Albrecht Penelli','Fiscal',1,'1991-12-06 16:28:36'),(277,'Julia Soots','Ministro',3,'2016-12-26 10:19:30'),(278,'Eunice Brear','Engenheiro',2,'1995-07-29 20:00:07'),(279,'Kayley MacTurlough','Pesquisador',2,'2000-12-23 17:38:49'),(280,'Wald Wagon','Fazendeiro',2,'2016-08-14 02:49:09'),(281,'Avigdor Aronstein','Fiscal',1,'1983-08-19 13:35:35'),(282,'Lorenzo Weatherburn','Ministro',3,'2017-08-23 17:17:11'),(283,'Juliette Sword','Engenheiro',2,'2008-01-28 16:16:39'),(284,'Ashia Ferrillio','Pesquisador',2,'1993-10-22 15:43:57'),(285,'Teresita Lages','Fazendeiro',2,'2009-08-02 13:51:59'),(286,'Sallie McGavigan','Fiscal',1,'1997-03-25 10:27:19'),(287,'Nobie Swindell','Ministro',3,'1994-08-06 18:26:47'),(288,'Pen Bengochea','Engenheiro',2,'2005-10-26 12:43:10'),(289,'Shaylyn Bellson','Pesquisador',2,'1990-10-03 22:06:29'),(290,'Kit Ashall','Fazendeiro',2,'2011-02-22 22:15:43'),(291,'Stanleigh Denzey','Fiscal',1,'1998-03-19 13:23:29'),(292,'Angelica Domek','Ministro',3,'2010-09-12 02:44:41'),(293,'Georgy Burrows','Engenheiro',2,'2012-01-10 13:13:42'),(294,'Kasey Martinez','Pesquisador',2,'1990-01-02 17:32:06'),(295,'Clio Eckels','Fazendeiro',2,'1994-03-26 15:41:33'),(296,'Vassili Pardue','Fiscal',1,'2007-05-19 04:01:27'),(297,'Charline Vigars','Ministro',3,'1994-02-04 05:17:28'),(298,'Jedediah Gaudon','Engenheiro',2,'2000-12-01 15:59:04'),(299,'Chester Alfuso','Pesquisador',2,'1988-02-01 19:02:00'),(300,'Neall Pull','Fazendeiro',2,'1996-11-28 22:05:52');
/*!40000 ALTER TABLE `user` ENABLE KEYS */;
UNLOCK TABLES;

--
-- Dumping events for database 'lxszqwsj3t'
--

--
-- Dumping routines for database 'lxszqwsj3t'
--
/*!40103 SET TIME_ZONE=@OLD_TIME_ZONE */;

/*!40101 SET SQL_MODE=@OLD_SQL_MODE */;
/*!40014 SET FOREIGN_KEY_CHECKS=@OLD_FOREIGN_KEY_CHECKS */;
/*!40014 SET UNIQUE_CHECKS=@OLD_UNIQUE_CHECKS */;
/*!40101 SET CHARACTER_SET_CLIENT=@OLD_CHARACTER_SET_CLIENT */;
/*!40101 SET CHARACTER_SET_RESULTS=@OLD_CHARACTER_SET_RESULTS */;
/*!40101 SET COLLATION_CONNECTION=@OLD_COLLATION_CONNECTION */;
/*!40111 SET SQL_NOTES=@OLD_SQL_NOTES */;

-- Dump completed on 2019-10-23 12:35:11
